Workbook
Name Activities_English_Choices: Variables!$FZ$2:$FZ$10
Name Activities_English_Text: INDEX(Activities_English_Choices, MATCH(TRUE, INDEX(Activities_French_Choices=#REF!, 0), 0), 1)
Name Activities_French_Choices: Variables!$GA$2:$GA$10
Name Activities_French_Text: INDEX(Activities_French_Choices, MATCH(TRUE, INDEX(Activities_English_Choices='CTO Inspection English'!XFD1, 0), 0), 1)
Name Currently_Registered: Variables!$EQ$2:$EQ$3
Name Deficiency_English_Choices: Variables!$EW$2:$FG$7
Name Deficiency_English_List: OFFSET(Deficiency_English_List_Choices, 0,0,COUNTA(Deficiency_English_List_Choices),1)
Name Deficiency_English_List_Choices: INDEX(Deficiency_English_Choices, 0, MATCH('IID English'!XFC1,Inspection_Regulation_English_Choices, 0))
Name Deficiency_English_Text: INDEX(Line_Deficiency_English_Choices, MATCH(TRUE, INDEX(Line_Deficiency_French_Choices='IID English'!#REF!, 0), 0), 1)
Name Deficiency_French_Choices: Variables!$FI$2:$FS$7
Name Deficiency_French_List: OFFSET(Deficiency_French_List_Choices, 0, 0,COUNTA(Deficiency_French_List_Choices), 1)
Name Deficiency_French_List_Choices: INDEX(Deficiency_French_Choices, MATCH(TRUE, INDEX(Inspection_Regulation_French_Choices=#REF!, 0), 0), 1)
Name Deficiency_French_Text: INDEX(Line_Deficiency_French_Choices, MATCH(TRUE, INDEX(Line_Deficiency_English_Choices='IID English'!XFD1, 0), 0), 1)
Name Establishment_Name_Choices: Variables!$F$2:$F$113
Name Inspection_Outcome_English_Choices: Variables!$FV$2:$FV$5
Name Inspection_Outcome_English_Text: INDEX(Inspection_Outcome_English_Choices, MATCH(TRUE, INDEX(Inspection_Outcome_French_Choices=#REF!, 0), 0), 1)
Name Inspection_Outcome_French_Choices: Variables!$FW$2:$FW$5
Name Inspection_Outcome_French_Text: INDEX(Inspection_Outcome_French_Choices, MATCH(TRUE, INDEX(Inspection_Outcome_English_Choices=#REF!, 0), 0), 1)
Name Inspection_Regulation_English_Choices: Variables!$EU$2:$EU$12
Name Inspection_Regulation_English_Text: INDEX(Inspection_Regulation_English_Choices, MATCH(TRUE, INDEX(Inspection_Regulation_French_Choices=#REF!, 0), 0), 1)
Name Inspection_Regulation_French_Choices: Variables!$EV$2:$EV$12
Name Inspection_Regulation_French_Text: INDEX(Inspection_Regulation_French_Choices, MATCH(TRUE, INDEX(Inspection_Regulation_English_Choices='IID English'!XFD1, 0), 0), 1)
Name Inspection_Type_English_Choices: Variables!$D$2:$D$4
Name Inspection_Type_FR: Variables!$E$2:$E$4
Name Inspection_Type_French_Choices: Variables!$E$2:$E$4
Name Line_Deficiency_English_Choices: Variables!$FT$2:$FT$24
Name Line_Deficiency_French_Choices: Variables!$FU$2:$FU$24
Name Line_English_Choices: Variables!$EO$2:$EO$157
Name Line_French_Choices: Variables!$EP$2:$EP$157
Name Measure_Taken_English_Choices: Variables!$FX$2:$FX$18
Name Measure_Taken_English_Text: INDEX(Measure_Taken_English_Choices, MATCH(TRUE, INDEX(Measure_Taken_French_Choices=#REF!, 0), 0), 1)
Name Measure_Taken_French_Choices: Variables!$FY$2:$FY$18
Name Measure_Taken_French_Text: INDEX(Measure_Taken_French_Choices, MATCH(TRUE, INDEX(Measure_Taken_English_Choices=#REF!, 0), 0), 1)
Name Observation_English_Choices: Variables!$L$2:$BY$14
Name Observation_English_List: OFFSET(Observation_English_List_Choices, 0,0,COUNTA(Observation_English_List_Choices),1)
Name Observation_English_List_Choices: INDEX(Observation_English_Choices, 0, MATCH(#REF!, Regulation_English_Choices, 0))
Name Observation_English_Text: INDEX(Line_English_Choices, MATCH(TRUE, INDEX(Line_French_Choices=#REF!, 0), 0), 1)
Name Observation_French_Choices: Variables!$CA$2:$EN$14
Name Observation_French_List: OFFSET(Observation_French_List_Choices, 0,0,COUNTA(Observation_French_List_Choices),1)
Name Observation_French_List_Choices: INDEX(Observation_French_Choices, 0, MATCH(#REF!, Regulation_French_Choices, 0))
Name Observation_French_Text: INDEX(Line_French_Choices, MATCH(TRUE, INDEX(Line_English_Choices=#REF!, 0), 0), 1)
Name Phase_of_Trial_Choices: Variables!$C$2:$C$11
Name Rating_English_Choices: Variables!$G$2:$G$4
Name Rating_French_Choices: Variables!$H$2:$H$4
Name Regional_Site_Inspected_English_Choices: Variables!$DF$2:$DF$7
Name Regional_Site_Inspected_French_Choices: Variables!$DG$2:$DG$7
Name Regulation_English_Choices: Variables!$K$2:$K$67
Name Regulation_English_Text: INDEX(Regulation_English_Choices, MATCH(TRUE, INDEX(Regulation_French_Choices=#REF!, 0), 0), 1)
Name Regulation_French_Choices: Variables!$BZ$2:$BZ$67
Name Regulation_French_Text: INDEX(Regulation_French_Choices, MATCH(TRUE, INDEX(Regulation_English_Choices=#REF!, 0), 0), 1)

Sheet CTO Inspection English
A1: Reference Number | B1: Establishment Name | C1: Currently Registered | D1: Registration Number | E1: Inspection Type (FR) | F1: Inspection Type (EN) | G1: Inspection Rating | H1: Inspection Start Date (YYYY-MM-DD) | I1: Inspection End Date (YYYY-MM-DD) | J1: Street | K1: City | L1: Province | M1: Country | N1: Postal Code | O1: Activities (EN) | P1: Activities (FR)
A2: FD6FDCC7 | B2: Alberta Health Services - Living Donor Services (Renal) | C2: Y | D2: 100054 | E2: Inspection régulière | F2: Regular Inspection | G2: Inspection in progress | H2: 42884 | I2: 42888 | J2: Rm. 9423, 11402 University Ave. | K2: Edmonton | L2: AB | M2: Canada | N2: T6G 2J3 | O2: Processing, Distribution, Storage | P2: =IF(ISBLANK(O2), "", Activities_French_Text) -> Traitement, Distribution, Conservation
P3: =IF(ISBLANK(O3), "", Activities_French_Text)
P4: =IF(ISBLANK(O4), "", Activities_French_Text)
P5: =IF(ISBLANK(O5), "", Activities_French_Text)
P6: =IF(ISBLANK(O6), "", Activities_French_Text)
P7: =IF(ISBLANK(O7), "", Activities_French_Text)
P8: =IF(ISBLANK(O8), "", Activities_French_Text)
P9: =IF(ISBLANK(O9), "", Activities_French_Text)
P10: =IF(ISBLANK(O10), "", Activities_French_Text)
P11: =IF(ISBLANK(O11), "", Activities_French_Text)
P12: =IF(ISBLANK(O12), "", Activities_French_Text)
P13: =IF(ISBLANK(O13), "", Activities_French_Text)

Sheet IID English
A1: Reference Number | B1: Establishment Name | C1: Inspection Type (FR) | D1: Inspection Type (EN) | E1: Inspection Start Date | F1: Inspection End Date | G1: Observation Number | H1: Line Number | I1: Regulation (EN) | J1: Regulation (FR) | K1: Deficiency(EN) | L1: Deficiency(FR)
A2: =IF(ISBLANK('CTO Inspection English'!A2), "", 'CTO Inspection English'!A2) -> FD6FDCC7 | B2: =IF(ISBLANK('CTO Inspection English'!B2), "", 'CTO Inspection English'!B2) -> Alberta Health Services - Living Donor Services (Renal) | C2: =IF(ISBLANK('CTO Inspection English'!E2), "", 'CTO Inspection English'!E2) -> Inspection régulière | D2: =IF(ISBLANK('CTO Inspection English'!F2), "", 'CTO Inspection English'!F2) -> Regular Inspection | E2: =IF(ISBLANK('CTO Inspection English'!H2), "", 'CTO Inspection English'!H2) -> 42884 | F2: =IF(ISBLANK('CTO Inspection English'!I2), "", 'CTO Inspection English'!I2) -> 42888 | G2: 1 | H2: 1 | I2: 55-63 - Records | J2: =IF(ISBLANK(I2), "", Inspection_Regulation_French_Text) -> 55 à 63 - Dossiers | K2: Deficiencies were noted in the establishment’s records. | L2: =IF(ISBLANK(K2), "", Deficiency_French_Text) -> Des lacunes ont été notées concernant les dossiers de l’établissement.
A3: =IF(ISBLANK(G3), "",A2) -> FD6FDCC7 | B3: =IF(ISBLANK(G3), "", B2) -> Alberta Health Services - Living Donor Services (Renal) | C3: =IF(ISBLANK(G3), "", C2) -> Inspection régulière | D3: =IF(ISBLANK(G3), "", D2) -> Regular Inspection | E3: =IF(ISBLANK(G3), "", E2) -> 42884 | F3: =IF(ISBLANK(G3), "", F2) -> 42888 | G3: 2 | H3: 1 | I3: 70-76 - Quality Assurance System | J3: =IF(ISBLANK(I3), "", Inspection_Regulation_French_Text) -> 70 à 76 - Système d’assurance de la qualité | K3: Deficiencies were noted with standard operating procedures or audits. | L3: =IF(ISBLANK(K3), "", Deficiency_French_Text) -> Des lacunes ont été notées concernant les procédures d’opération normalisées ou les vérifications.
A4: =IF(ISBLANK(G4), "",A3) | B4: =IF(ISBLANK(G4), "", B3) | C4: =IF(ISBLANK(G4), "", C3) | D4: =IF(ISBLANK(G4), "", D3) | E4: =IF(ISBLANK(G4), "", E3) | F4: =IF(ISBLANK(G4), "", F3) | J4: =IF(ISBLANK(I4), "", Inspection_Regulation_French_Text) | L4: =IF(ISBLANK(K4), "", Deficiency_French_Text)
A5: =IF(ISBLANK(G5), "",A4) | B5: =IF(ISBLANK(G5), "", B4) | C5: =IF(ISBLANK(G5), "", C4) | D5: =IF(ISBLANK(G5), "", D4) | E5: =IF(ISBLANK(G5), "", E4) | F5: =IF(ISBLANK(G5), "", F4) | J5: =IF(ISBLANK(I5), "", Inspection_Regulation_French_Text) | L5: =IF(ISBLANK(K5), "", Deficiency_French_Text)
A6: =IF(ISBLANK(G6), "",A5) | B6: =IF(ISBLANK(G6), "", B5) | C6: =IF(ISBLANK(G6), "", C5) | D6: =IF(ISBLANK(G6), "", D5) | E6: =IF(ISBLANK(G6), "", E5) | F6: =IF(ISBLANK(G6), "", F5) | J6: =IF(ISBLANK(I6), "", Inspection_Regulation_French_Text) | L6: =IF(ISBLANK(K6), "", Deficiency_French_Text)
A7: =IF(ISBLANK(G7), "",A6) | B7: =IF(ISBLANK(G7), "", B6) | C7: =IF(ISBLANK(G7), "", C6) | D7: =IF(ISBLANK(G7), "", D6) | E7: =IF(ISBLANK(G7), "", E6) | F7: =IF(ISBLANK(G7), "", F6) | J7: =IF(ISBLANK(I7), "", Inspection_Regulation_French_Text) | L7: =IF(ISBLANK(K7), "", Deficiency_French_Text)
A8: =IF(ISBLANK(G8), "",A7) | B8: =IF(ISBLANK(G8), "", B7) | C8: =IF(ISBLANK(G8), "", C7) | D8: =IF(ISBLANK(G8), "", D7) | E8: =IF(ISBLANK(G8), "", E7) | F8: =IF(ISBLANK(G8), "", F7) | J8: =IF(ISBLANK(I8), "", Inspection_Regulation_French_Text) | L8: =IF(ISBLANK(K8), "", Deficiency_French_Text)
A9: =IF(ISBLANK(G9), "",A8) | B9: =IF(ISBLANK(G9), "", B8) | C9: =IF(ISBLANK(G9), "", C8) | D9: =IF(ISBLANK(G9), "", D8) | E9: =IF(ISBLANK(G9), "", E8) | F9: =IF(ISBLANK(G9), "", F8) | J9: =IF(ISBLANK(I9), "", Inspection_Regulation_French_Text) | L9: =IF(ISBLANK(K9), "", Deficiency_French_Text)
A10: =IF(ISBLANK(G10), "",A9) | B10: =IF(ISBLANK(G10), "", B9) | C10: =IF(ISBLANK(G10), "", C9) | D10: =IF(ISBLANK(G10), "", D9) | E10: =IF(ISBLANK(G10), "", E9) | F10: =IF(ISBLANK(G10), "", F9) | J10: =IF(ISBLANK(I10), "", Inspection_Regulation_French_Text) | L10: =IF(ISBLANK(K10), "", Deficiency_French_Text)
A11: =IF(ISBLANK(G11), "",A10) | B11: =IF(ISBLANK(G11), "", B10) | C11: =IF(ISBLANK(G11), "", C10) | D11: =IF(ISBLANK(G11), "", D10) | E11: =IF(ISBLANK(G11), "", E10) | F11: =IF(ISBLANK(G11), "", F10) | J11: =IF(ISBLANK(I11), "", Inspection_Regulation_French_Text) | L11: =IF(ISBLANK(K11), "", Deficiency_French_Text)
A12: =IF(ISBLANK(G12), "",A11) | B12: =IF(ISBLANK(G12), "", B11) | C12: =IF(ISBLANK(G12), "", C11) | D12: =IF(ISBLANK(G12), "", D11) | E12: =IF(ISBLANK(G12), "", E11) | F12: =IF(ISBLANK(G12), "", F11) | J12: =IF(ISBLANK(I12), "", Inspection_Regulation_French_Text) | L12: =IF(ISBLANK(K12), "", Deficiency_French_Text)
A13: =IF(ISBLANK(G13), "",A12) | B13: =IF(ISBLANK(G13), "", B12) | C13: =IF(ISBLANK(G13), "", C12) | D13: =IF(ISBLANK(G13), "", D12) | E13: =IF(ISBLANK(G13), "", E12) | F13: =IF(ISBLANK(G13), "", F12) | J13: =IF(ISBLANK(I13), "", Inspection_Regulation_French_Text) | L13: =IF(ISBLANK(K13), "", Deficiency_French_Text)
A14: =IF(ISBLANK(G14), "",A13) | B14: =IF(ISBLANK(G14), "", B13) | C14: =IF(ISBLANK(G14), "", C13) | D14: =IF(ISBLANK(G14), "", D13) | E14: =IF(ISBLANK(G14), "", E13) | F14: =IF(ISBLANK(G14), "", F13) | J14: =IF(ISBLANK(I14), "", Inspection_Regulation_French_Text)
A15: =IF(ISBLANK(G15), "",A14) | B15: =IF(ISBLANK(G15), "", B14) | C15: =IF(ISBLANK(G15), "", C14) | D15: =IF(ISBLANK(G15), "", D14) | E15: =IF(ISBLANK(G15), "", E14) | F15: =IF(ISBLANK(G15), "", F14) | J15: =IF(ISBLANK(I15), "", Inspection_Regulation_French_Text)
A16: =IF(ISBLANK(G16), "",A15) | B16: =IF(ISBLANK(G16), "", B15) | C16: =IF(ISBLANK(G16), "", C15) | D16: =IF(ISBLANK(G16), "", D15) | E16: =IF(ISBLANK(G16), "", E15) | F16: =IF(ISBLANK(G16), "", F15) | J16: =IF(ISBLANK(I16), "", Inspection_Regulation_French_Text)
A17: =IF(ISBLANK(G17), "",A16) | B17: =IF(ISBLANK(G17), "", B16) | C17: =IF(ISBLANK(G17), "", C16) | D17: =IF(ISBLANK(G17), "", D16) | E17: =IF(ISBLANK(G17), "", E16) | F17: =IF(ISBLANK(G17), "", F16) | J17: =IF(ISBLANK(I17), "", Inspection_Regulation_French_Text)
A18: =IF(ISBLANK(G18), "",A17) | B18: =IF(ISBLANK(G18), "", B17) | C18: =IF(ISBLANK(G18), "", C17) | D18: =IF(ISBLANK(G18), "", D17) | E18: =IF(ISBLANK(G18), "", E17) | F18: =IF(ISBLANK(G18), "", F17) | J18: =IF(ISBLANK(I18), "", Inspection_Regulation_French_Text)
A19: =IF(ISBLANK(G19), "",A18) | B19: =IF(ISBLANK(G19), "", B18) | C19: =IF(ISBLANK(G19), "", C18) | D19: =IF(ISBLANK(G19), "", D18) | E19: =IF(ISBLANK(G19), "", E18) | F19: =IF(ISBLANK(G19), "", F18) | J19: =IF(ISBLANK(I19), "", Inspection_Regulation_French_Text)
A20: =IF(ISBLANK(G20), "",A19) | B20: =IF(ISBLANK(G20), "", B19) | C20: =IF(ISBLANK(G20), "", C19) | D20: =IF(ISBLANK(G20), "", D19) | E20: =IF(ISBLANK(G20), "", E19) | F20: =IF(ISBLANK(G20), "", F19) | J20: =IF(ISBLANK(I20), "", Inspection_Regulation_French_Text)
A21: =IF(ISBLANK(G21), "",A20) | B21: =IF(ISBLANK(G21), "", B20) | C21: =IF(ISBLANK(G21), "", C20) | D21: =IF(ISBLANK(G21), "", D20) | E21: =IF(ISBLANK(G21), "", E20) | F21: =IF(ISBLANK(G21), "", F20) | J21: =IF(ISBLANK(I21), "", Inspection_Regulation_French_Text)
A22: =IF(ISBLANK(G22), "",A21) | B22: =IF(ISBLANK(G22), "", B21) | C22: =IF(ISBLANK(G22), "", C21) | D22: =IF(ISBLANK(G22), "", D21) | E22: =IF(ISBLANK(G22), "", E21) | F22: =IF(ISBLANK(G22), "", F21) | J22: =IF(ISBLANK(I22), "", Inspection_Regulation_French_Text)
A23: =IF(ISBLANK(G23), "",A22) | B23: =IF(ISBLANK(G23), "", B22) | C23: =IF(ISBLANK(G23), "", C22) | D23: =IF(ISBLANK(G23), "", D22) | E23: =IF(ISBLANK(G23), "", E22) | F23: =IF(ISBLANK(G23), "", F22) | J23: =IF(ISBLANK(I23), "", Inspection_Regulation_French_Text)
A24: =IF(ISBLANK(G24), "",A23) | B24: =IF(ISBLANK(G24), "", B23) | C24: =IF(ISBLANK(G24), "", C23) | D24: =IF(ISBLANK(G24), "", D23) | E24: =IF(ISBLANK(G24), "", E23) | F24: =IF(ISBLANK(G24), "", F23) | J24: =IF(ISBLANK(I24), "", Inspection_Regulation_French_Text)
A25: =IF(ISBLANK(G25), "",A24) | B25: =IF(ISBLANK(G25), "", B24) | C25: =IF(ISBLANK(G25), "", C24) | D25: =IF(ISBLANK(G25), "", D24) | E25: =IF(ISBLANK(G25), "", E24) | F25: =IF(ISBLANK(G25), "", F24) | J25: =IF(ISBLANK(I25), "", Inspection_Regulation_French_Text)
... A41: =IF(ISBLANK(G41), "",A40) | B41: =IF(ISBLANK(G41), "", B40) | C41: =IF(ISBLANK(G41), "", C40) | D41: =IF(ISBLANK(G41), "", D40) | E41: =IF(ISBLANK(G41), "", E40) | F41: =IF(ISBLANK(G41), "", F40) | J41: =IF(ISBLANK(I41), "", Inspection_Regulation_French_Text)
A42: =IF(ISBLANK(I42), "", A41) | B42: =IF(ISBLANK(G42), "", B41) | C42: =IF(ISBLANK(G42), "", C41) | D42: =IF(ISBLANK(G42), "", D41) | E42: =IF(ISBLANK(G42), "", E41) | F42: =IF(ISBLANK(G42), "", F41) | J42: =IF(ISBLANK(I42), "", Inspection_Regulation_French_Text)
A43: =IF(ISBLANK(I43), "", A42) | B43: =IF(ISBLANK(G43), "", B42) | C43: =IF(ISBLANK(G43), "", C42) | D43: =IF(ISBLANK(G43), "", D42) | E43: =IF(ISBLANK(G43), "", E42) | F43: =IF(ISBLANK(G43), "", F42) | J43: =IF(ISBLANK(I43), "", Inspection_Regulation_French_Text)
A44: =IF(ISBLANK(I44), "", A43) | B44: =IF(ISBLANK(G44), "", B43) | C44: =IF(ISBLANK(G44), "", C43) | D44: =IF(ISBLANK(G44), "", D43) | E44: =IF(ISBLANK(G44), "", E43) | F44: =IF(ISBLANK(G44), "", F43) | J44: =IF(ISBLANK(I44), "", Inspection_Regulation_French_Text)
A45: =IF(ISBLANK(I45), "", A44) | B45: =IF(ISBLANK(G45), "", B44) | C45: =IF(ISBLANK(G45), "", C44) | D45: =IF(ISBLANK(G45), "", D44) | E45: =IF(ISBLANK(G45), "", E44) | F45: =IF(ISBLANK(G45), "", F44) | J45: =IF(ISBLANK(I45), "", Inspection_Regulation_French_Text)
A46: =IF(ISBLANK(I46), "", A45) | B46: =IF(ISBLANK(G46), "", B45) | C46: =IF(ISBLANK(G46), "", C45) | D46: =IF(ISBLANK(G46), "", D45) | E46: =IF(ISBLANK(G46), "", E45) | F46: =IF(ISBLANK(G46), "", F45) | J46: =IF(ISBLANK(I46), "", Inspection_Regulation_French_Text)
A47: =IF(ISBLANK(I47), "", A46) | B47: =IF(ISBLANK(G47), "", B46) | C47: =IF(ISBLANK(G47), "", C46) | D47: =IF(ISBLANK(G47), "", D46) | E47: =IF(ISBLANK(G47), "", E46) | F47: =IF(ISBLANK(G47), "", F46) | J47: =IF(ISBLANK(I47), "", Inspection_Regulation_French_Text)
A48: =IF(ISBLANK(I48), "", A47) | B48: =IF(ISBLANK(G48), "", B47) | C48: =IF(ISBLANK(G48), "", C47) | D48: =IF(ISBLANK(G48), "", D47) | E48: =IF(ISBLANK(G48), "", E47) | F48: =IF(ISBLANK(G48), "", F47) | J48: =IF(ISBLANK(I48), "", Inspection_Regulation_French_Text)
A49: =IF(ISBLANK(I49), "", A48) | B49: =IF(ISBLANK(G49), "", B48) | C49: =IF(ISBLANK(G49), "", C48) | D49: =IF(ISBLANK(G49), "", D48) | E49: =IF(ISBLANK(G49), "", E48) | F49: =IF(ISBLANK(G49), "", F48) | J49: =IF(ISBLANK(I49), "", Inspection_Regulation_French_Text)
A50: =IF(ISBLANK(I50), "", A49) | B50: =IF(ISBLANK(G50), "", B49) | C50: =IF(ISBLANK(G50), "", C49) | D50: =IF(ISBLANK(G50), "", D49) | E50: =IF(ISBLANK(G50), "", E49) | F50: =IF(ISBLANK(G50), "", F49) | J50: =IF(ISBLANK(I50), "", Inspection_Regulation_French_Text)
A51: =IF(ISBLANK(I51), "", A50) | B51: =IF(ISBLANK(G51), "", B50) | C51: =IF(ISBLANK(G51), "", C50) | D51: =IF(ISBLANK(G51), "", D50) | E51: =IF(ISBLANK(G51), "", E50) | F51: =IF(ISBLANK(G51), "", F50) | J51: =IF(ISBLANK(I51), "", Inspection_Regulation_French_Text)
A52: =IF(ISBLANK(I52), "", A51) | B52: =IF(ISBLANK(G52), "", B51) | C52: =IF(ISBLANK(G52), "", C51) | D52: =IF(ISBLANK(G52), "", D51) | E52: =IF(ISBLANK(G52), "", E51) | F52: =IF(ISBLANK(G52), "", F51) | J52: =IF(ISBLANK(I52), "", Inspection_Regulation_French_Text)
A53: =IF(ISBLANK(I53), "", A52) | B53: =IF(ISBLANK(G53), "", B52) | C53: =IF(ISBLANK(G53), "", C52) | D53: =IF(ISBLANK(G53), "", D52) | E53: =IF(ISBLANK(G53), "", E52) | F53: =IF(ISBLANK(G53), "", F52) | J53: =IF(ISBLANK(I53), "", Inspection_Regulation_French_Text)
... A59: =IF(ISBLANK(I59), "", A58) | B59: =IF(ISBLANK(G59), "", B58) | C59: =IF(ISBLANK(G59), "", C58) | D59: =IF(ISBLANK(G59), "", D58) | E59: =IF(ISBLANK(G59), "", E58) | F59: =IF(ISBLANK(G59), "", F58) | J59: =IF(ISBLANK(I59), "", Inspection_Regulation_French_Text)
A60: =IF(ISBLANK(I60), "", A59) | B60: =IF(ISBLANK(G60), "", B59) | C60: =IF(ISBLANK(G60), "", C59) | D60: =IF(ISBLANK(G60), "", D59) | E60: =IF(ISBLANK(G60), "", E59) | F60: =IF(ISBLANK(G60), "", F59) | G60: =IF(ISBLANK(I60),"",IF(G59<>"", IF(ISNUMBER(G59), G59 + 1, 1), "")) | J60: =IF(ISBLANK(I60), "", Inspection_Regulation_French_Text)
A61: =IF(ISBLANK(I61), "", A60) | B61: =IF(ISBLANK(G61), "", B60) | C61: =IF(ISBLANK(G61), "", C60) | D61: =IF(ISBLANK(G61), "", D60) | E61: =IF(ISBLANK(G61), "", E60) | F61: =IF(ISBLANK(G61), "", F60) | G61: =IF(ISBLANK(I61),"",IF(G60<>"", IF(ISNUMBER(G60), G60 + 1, 1), "")) | J61: =IF(ISBLANK(I61), "", Inspection_Regulation_French_Text)
A62: =IF(ISBLANK(I62), "", A61) | B62: =IF(ISBLANK(G62), "", B61) | C62: =IF(ISBLANK(G62), "", C61) | D62: =IF(ISBLANK(G62), "", D61) | E62: =IF(ISBLANK(G62), "", E61) | F62: =IF(ISBLANK(G62), "", F61) | G62: =IF(ISBLANK(I62),"",IF(G61<>"", IF(ISNUMBER(G61), G61 + 1, 1), "")) | J62: =IF(ISBLANK(I62), "", Inspection_Regulation_French_Text)
A63: =IF(ISBLANK(I63), "", A62) | B63: =IF(ISBLANK(G63), "", B62) | C63: =IF(ISBLANK(G63), "", C62) | D63: =IF(ISBLANK(G63), "", D62) | E63: =IF(ISBLANK(G63), "", E62) | F63: =IF(ISBLANK(G63), "", F62) | G63: =IF(ISBLANK(I63),"",IF(G62<>"", IF(ISNUMBER(G62), G62 + 1, 1), "")) | J63: =IF(ISBLANK(I63), "", Inspection_Regulation_French_Text)
A64: =IF(ISBLANK(I64), "", A63) | B64: =IF(ISBLANK(G64), "", B63) | C64: =IF(ISBLANK(G64), "", C63) | D64: =IF(ISBLANK(G64), "", D63) | E64: =IF(ISBLANK(G64), "", E63) | F64: =IF(ISBLANK(G64), "", F63) | G64: =IF(ISBLANK(I64),"",IF(G63<>"", IF(ISNUMBER(G63), G63 + 1, 1), "")) | J64: =IF(ISBLANK(I64), "", Inspection_Regulation_French_Text)
A65: =IF(ISBLANK(I65), "", A64) | B65: =IF(ISBLANK(G65), "", B64) | C65: =IF(ISBLANK(G65), "", C64) | D65: =IF(ISBLANK(G65), "", D64) | E65: =IF(ISBLANK(G65), "", E64) | F65: =IF(ISBLANK(G65), "", F64) | G65: =IF(ISBLANK(I65),"",IF(G64<>"", IF(ISNUMBER(G64), G64 + 1, 1), "")) | J65: =IF(ISBLANK(I65), "", Inspection_Regulation_French_Text)
A66: =IF(ISBLANK(I66), "", A65) | B66: =IF(ISBLANK(G66), "", B65) | C66: =IF(ISBLANK(G66), "", C65) | D66: =IF(ISBLANK(G66), "", D65) | E66: =IF(ISBLANK(G66), "", E65) | F66: =IF(ISBLANK(G66), "", F65) | G66: =IF(ISBLANK(I66),"",IF(G65<>"", IF(ISNUMBER(G65), G65 + 1, 1), "")) | J66: =IF(ISBLANK(I66), "", Inspection_Regulation_French_Text)
A67: =IF(ISBLANK(I67), "", A66) | B67: =IF(ISBLANK(G67), "", B66) | C67: =IF(ISBLANK(G67), "", C66) | D67: =IF(ISBLANK(G67), "", D66) | E67: =IF(ISBLANK(G67), "", E66) | F67: =IF(ISBLANK(G67), "", F66) | G67: =IF(ISBLANK(I67),"",IF(G66<>"", IF(ISNUMBER(G66), G66 + 1, 1), "")) | J67: =IF(ISBLANK(I67), "", Inspection_Regulation_French_Text)
A68: =IF(ISBLANK(I68), "", A67) | B68: =IF(ISBLANK(G68), "", B67) | C68: =IF(ISBLANK(G68), "", C67) | D68: =IF(ISBLANK(G68), "", D67) | E68: =IF(ISBLANK(G68), "", E67) | F68: =IF(ISBLANK(G68), "", F67) | G68: =IF(ISBLANK(I68),"",IF(G67<>"", IF(ISNUMBER(G67), G67 + 1, 1), "")) | J68: =IF(ISBLANK(I68), "", Inspection_Regulation_French_Text)
A69: =IF(ISBLANK(I69), "", A68) | B69: =IF(ISBLANK(G69), "", B68) | C69: =IF(ISBLANK(G69), "", C68) | D69: =IF(ISBLANK(G69), "", D68) | E69: =IF(ISBLANK(G69), "", E68) | F69: =IF(ISBLANK(G69), "", F68) | G69: =IF(ISBLANK(I69),"",IF(G68<>"", IF(ISNUMBER(G68), G68 + 1, 1), "")) | J69: =IF(ISBLANK(I69), "", Inspection_Regulation_French_Text)
A70: =IF(ISBLANK(I70), "", A69) | B70: =IF(ISBLANK(G70), "", B69) | C70: =IF(ISBLANK(G70), "", C69) | D70: =IF(ISBLANK(G70), "", D69) | E70: =IF(ISBLANK(G70), "", E69) | F70: =IF(ISBLANK(G70), "", F69) | G70: =IF(ISBLANK(I70),"",IF(G69<>"", IF(ISNUMBER(G69), G69 + 1, 1), "")) | J70: =IF(ISBLANK(I70), "", Inspection_Regulation_French_Text)
A71: =IF(ISBLANK(I71), "", A70) | B71: =IF(ISBLANK(G71), "", B70) | C71: =IF(ISBLANK(G71), "", C70) | D71: =IF(ISBLANK(G71), "", D70) | E71: =IF(ISBLANK(G71), "", E70) | F71: =IF(ISBLANK(G71), "", F70) | G71: =IF(ISBLANK(I71),"",IF(G70<>"", IF(ISNUMBER(G70), G70 + 1, 1), "")) | J71: =IF(ISBLANK(I71), "", Inspection_Regulation_French_Text)
... A88: =IF(ISBLANK(I88), "", A87) | B88: =IF(ISBLANK(G88), "", B87) | C88: =IF(ISBLANK(G88), "", C87) | D88: =IF(ISBLANK(G88), "", D87) | E88: =IF(ISBLANK(G88), "", E87) | F88: =IF(ISBLANK(G88), "", F87) | G88: =IF(ISBLANK(I88),"",IF(G87<>"", IF(ISNUMBER(G87), G87 + 1, 1), "")) | J88: =IF(ISBLANK(I88), "", Inspection_Regulation_French_Text)
A89: =IF(ISBLANK(I89), "", A88) | B89: =IF(ISBLANK(G89), "", B88) | C89: =IF(ISBLANK(G89), "", C88) | D89: =IF(ISBLANK(G89), "", D88) | E89: =IF(ISBLANK(H89), "", E88) | F89: =IF(ISBLANK(I89), "", F88) | G89: =IF(ISBLANK(I89),"",IF(G88<>"", IF(ISNUMBER(G88), G88 + 1, 1), "")) | J89: =IF(ISBLANK(I89), "", Inspection_Regulation_French_Text)
A90: =IF(ISBLANK(I90), "", A89) | B90: =IF(ISBLANK(G90), "", B89) | C90: =IF(ISBLANK(G90), "", C89) | D90: =IF(ISBLANK(G90), "", D89) | E90: =IF(ISBLANK(G90), "", E89) | F90: =IF(ISBLANK(I90), "", F89) | G90: =IF(ISBLANK(I90),"",IF(G89<>"", IF(ISNUMBER(G89), G89 + 1, 1), "")) | J90: =IF(ISBLANK(I90), "", Inspection_Regulation_French_Text)
A91: =IF(ISBLANK(I91), "", A90) | B91: =IF(ISBLANK(G91), "", B90) | C91: =IF(ISBLANK(G91), "", C90) | D91: =IF(ISBLANK(G91), "", D90) | E91: =IF(ISBLANK(G91), "", E90) | F91: =IF(ISBLANK(I91), "", F90) | G91: =IF(ISBLANK(I91),"",IF(G90<>"", IF(ISNUMBER(G90), G90 + 1, 1), "")) | H91: =IF(ISBLANK(I91), "", 1) | J91: =IF(ISBLANK(I91), "", Inspection_Regulation_French_Text)
A92: =IF(ISBLANK(I92), "", A91) | B92: =IF(ISBLANK(G92), "", B91) | C92: =IF(ISBLANK(G92), "", C91) | D92: =IF(ISBLANK(G92), "", D91) | E92: =IF(ISBLANK(G92), "", E91) | F92: =IF(ISBLANK(I92), "", F91) | G92: =IF(ISBLANK(I92),"",IF(G91<>"", IF(ISNUMBER(G91), G91 + 1, 1), "")) | H92: =IF(ISBLANK(I92), "", 1) | J92: =IF(ISBLANK(I92), "", Inspection_Regulation_French_Text)
A93: =IF(ISBLANK(I93), "", A92) | B93: =IF(ISBLANK(G93), "", B92) | C93: =IF(ISBLANK(G93), "", C92) | D93: =IF(ISBLANK(G93), "", D92) | E93: =IF(ISBLANK(G93), "", E92) | F93: =IF(ISBLANK(I93), "", F92) | G93: =IF(ISBLANK(I93),"",IF(G92<>"", IF(ISNUMBER(G92), G92 + 1, 1), "")) | H93: =IF(ISBLANK(I93), "", 1) | J93: =IF(ISBLANK(I93), "", Inspection_Regulation_French_Text)
A94: =IF(ISBLANK(I94), "", A93) | B94: =IF(ISBLANK(I94), "", B93) | C94: =IF(ISBLANK(I94), "", C93) | D94: =IF(ISBLANK(G94), "", D93) | E94: =IF(ISBLANK(I94), "", E93) | F94: =IF(ISBLANK(I94), "", F93) | G94: =IF(ISBLANK(I94),"",IF(G93<>"", IF(ISNUMBER(G93), G93 + 1, 1), "")) | H94: =IF(ISBLANK(I94), "", 1) | J94: =IF(ISBLANK(I94), "", Inspection_Regulation_French_Text)
A95: =IF(ISBLANK(I95), "", A94) | B95: =IF(ISBLANK(I95), "", B94) | C95: =IF(ISBLANK(I95), "", C94) | D95: =IF(ISBLANK(G95), "", D94) | E95: =IF(ISBLANK(I95), "", E94) | F95: =IF(ISBLANK(I95), "", F94) | G95: =IF(ISBLANK(I95),"",IF(G94<>"", IF(ISNUMBER(G94), G94 + 1, 1), "")) | H95: =IF(ISBLANK(I95), "", 1) | J95: =IF(ISBLANK(I95), "", Inspection_Regulation_French_Text)
A96: =IF(ISBLANK(I96), "", A95) | B96: =IF(ISBLANK(I96), "", B95) | C96: =IF(ISBLANK(I96), "", C95) | D96: =IF(ISBLANK(G96), "", D95) | E96: =IF(ISBLANK(I96), "", E95) | F96: =IF(ISBLANK(I96), "", F95) | G96: =IF(ISBLANK(I96),"",IF(G95<>"", IF(ISNUMBER(G95), G95 + 1, 1), "")) | H96: =IF(ISBLANK(I96), "", 1) | J96: =IF(ISBLANK(I96), "", Inspection_Regulation_French_Text)
A97: =IF(ISBLANK(I97), "", A96) | B97: =IF(ISBLANK(I97), "", B96) | C97: =IF(ISBLANK(I97), "", C96) | D97: =IF(ISBLANK(G97), "", D96) | E97: =IF(ISBLANK(I97), "", E96) | F97: =IF(ISBLANK(I97), "", F96) | G97: =IF(ISBLANK(I97),"",IF(G96<>"", IF(ISNUMBER(G96), G96 + 1, 1), "")) | H97: =IF(ISBLANK(I97), "", 1) | J97: =IF(ISBLANK(I97), "", Inspection_Regulation_French_Text)
A98: =IF(ISBLANK(I98), "", A97) | B98: =IF(ISBLANK(I98), "", B97) | C98: =IF(ISBLANK(I98), "", C97) | D98: =IF(ISBLANK(G98), "", D97) | E98: =IF(ISBLANK(I98), "", E97) | F98: =IF(ISBLANK(I98), "", F97) | G98: =IF(ISBLANK(I98),"",IF(G97<>"", IF(ISNUMBER(G97), G97 + 1, 1), "")) | H98: =IF(ISBLANK(I98), "", 1) | J98: =IF(ISBLANK(I98), "", Inspection_Regulation_French_Text)
A99: =IF(ISBLANK(I99), "", A98) | B99: =IF(ISBLANK(I99), "", B98) | C99: =IF(ISBLANK(I99), "", C98) | D99: =IF(ISBLANK(G99), "", D98) | E99: =IF(ISBLANK(I99), "", E98) | F99: =IF(ISBLANK(I99), "", F98) | G99: =IF(ISBLANK(I99),"",IF(G98<>"", IF(ISNUMBER(G98), G98 + 1, 1), "")) | H99: =IF(ISBLANK(I99), "", 1) | J99: =IF(ISBLANK(I99), "", Inspection_Regulation_French_Text)
A100: =IF(ISBLANK(I100), "", A99) | B100: =IF(ISBLANK(I100), "", B99) | C100: =IF(ISBLANK(I100), "", C99) | D100: =IF(ISBLANK(G100), "", D99) | E100: =IF(ISBLANK(I100), "", E99) | F100: =IF(ISBLANK(I100), "", F99) | G100: =IF(ISBLANK(I100),"",IF(G99<>"", IF(ISNUMBER(G99), G99 + 1, 1), "")) | H100: =IF(ISBLANK(I100), "", 1) | J100: =IF(ISBLANK(I100), "", Inspection_Regulation_French_Text)

Sheet Variables
A1: Control Number | B1: Inspection Start Date | C1: Province | D1: Inspection Type (EN) | E1: Inspection Type (FR) | F1: Establishment Name | G1: Rating (EN) | H1: Rating (FR) | I1: Order ID | J1: Sub Order ID | K1: Regulation (EN) | L1: Safety of Human Cells, Tissues and Organs for Transplantation | M1: 4 - Prohibition | N1: 6 - Registration | O1: 13 - Registration | P1: 14 - Registration | Q1: 15 - Source Establishment | R1: 16 - Processing - General | S1: 17 - Processing - General | T1: 18 - Donor Suitability Assessment | U1: 19 - Donor Suitability Assessment | V1: 20 - Donor Suitability Assessment | W1: 21 - Donor Suitability Assessment | X1: 22 - Donor Suitability Assessment | Y1: 23 - Donor Suitability Assessment | Z1: 24 - Retrieval | AA1: 25 - Testing | AB1: 26 - Testing | AC1: 27 - Testing | AD1: 28 - Packaging and labelling | AE1: 29 - Packaging and labelling | AF1: 30 - Packaging and labelling | AG1: 31 - Packaging and labelling | AH1: 32 - Packaging and labelling | AI1: 33 - Packaging and labelling | AJ1: 34 - Quarantine | AK1: 35 - Storage | AL1: 36 - Storage | AM1: 37 - Storage | AN1: 38 - Storage | AO1: 39 - Storage | AP1: 40 - Exceptional Distribution | AQ1: 41 - Exceptional Distribution | AR1: 42 - Exceptional Distribution | AS1: 43 - Errors and Accidents | AT1: 44 - Errors and Accidents | AU1: 45 - Errors and Accidents | AV1: 46 - Errors and Accidents | AW1: 47 - Adverse Reactions | AX1: 48 - Adverse Reactions | AY1: 49 - Adverse Reactions | AZ1: 50 - Investigations and Reporting | BA1: 51 - Investigations and Reporting | BB1: 52 - Investigations and Reporting | BC1: 53 - Investigations and Reporting | BD1: 54 - Investigations and Reporting | BE1: 55 - Records | BF1: 56 - Records | BG1: 57 - Records | BH1: 58 - Records | BI1: 59 - Records | BJ1: 60 - Records | BK1: 61 - Records | BL1: 62 - Records | BM1: 63 - Records | BN1: 64 - Personnel | BO1: 65 - Facilities | BP1: 66 - Equipment and Supplies | BQ1: 67 - Equipment and Supplies | BR1: 68 - Equipment and Supplies | BS1: 69 - Equipment and Supplies | BT1: 71 - Quality Assurance System - General | BU1: 72 - Standard Operating Procedures | BV1: 73 - Standard Operating Procedures | BW1: 74 - Standard Operating Procedures | BX1: 75 - Standard Operating Procedures | BY1: 76 - Standard Operating Procedures | BZ1: Regulation (FR) | CA1: Sécurité des cellules, tissus et organes humains destinés à la transplantation | CB1: 4 - Interdiction | CC1: 6 - Enregistrement | CD1: 13 - Enregistrement | CE1: 14 - Enregistrement | CF1: 15 - Établissement central | CG1: 16 -Traitement - Dispositions générales | CH1: 17 - Traitement - Dispositions générales | CI1: 18 -Évaluation de l’admissibilité du donneur | CJ1: 19 -Évaluation de l’admissibilité du donneur | CK1: 20 -Évaluation de l’admissibilité du donneur | CL1: 21 -Évaluation de l’admissibilité du donneur | CM1: 22 -Évaluation de l’admissibilité du donneur | CN1: 23 -Évaluation de l’admissibilité du donneur | CO1: 24 - Prélèvement | CP1: 25 - Essais | CQ1: 26 - Essais | CR1: 27 - Essais | CS1: 28 - Emballage et étiquetage | CT1: 29 - Emballage et étiquetage | CU1: 30 - Emballage et étiquetage | CV1: 31 - Emballage et étiquetage | CW1: 32 - Emballage et étiquetage | CX1: 33 - Emballage et étiquetage | CY1: 34 - Quarantaine | CZ1: 35 - Conservation | DA1: 36 - Conservation | DB1: 37 - Conservation | DC1: 38 - Conservation | DD1: 39 - Conservation | DE1: 40 - Distribution exceptionnelle | DF1: 41 - Distribution exceptionnelle | DG1: 42 - Distribution exceptionnelle | DH1: 43 - Accidents et manquements | DI1: 44 - Accidents et manquements | DJ1: 45 - Accidents et manquements | DK1: 46 - Accidents et manquements | DL1: 47 - Effets indésirables | DM1: 48 - Effets indésirables | DN1: 49 - Effets indésirables | DO1: 50 - Enquêtes et rapports | DP1: 51 - Enquêtes et rapports | DQ1: 52 - Enquêtes et rapports | DR1: 53 - Enquêtes et rapports | DS1: 54 - Enquêtes et rapports | DT1: 55 - Dossiers | DU1: 56 - Dossiers | DV1: 57 - Dossiers | DW1: 58 - Dossiers | DX1: 59 - Dossiers | DY1: 60 - Dossiers | DZ1: 61 - Dossiers | EA1: 62 - Dossiers | EB1: 63 - Dossiers | EC1: 64 - Personnel | ED1: 65 - Installations | EE1: 66 - Équipement, matériel et produits | EF1: 67 - Équipement, matériel et produits | EG1: 68 - Équipement, matériel et produits | EH1: 69 - Équipement, matériel et produits | EI1: 71 - Système d’assurance de la qualité - Dispositions générales | EJ1: 72 - Procédures d’opération normalisées | EK1: 73 - Procédures d’opération normalisées | EL1: 74 - Procédures d’opération normalisées | EM1: 75 - Procédures d’opération normalisées | EN1: 76 - Procédures d’opération normalisées | EO1: Observation(EN) | EP1: Observation(FR) | EQ1: Licensed (EN) | ER1: Licensed (FR) | EU1: Regulation_Deficiency (EN) | EV1: Regulation_Deficiency (FR) | EW1: Safety of Human Cells, Tissues and Organs for Transplantation | EX1: 4 - Prohibition | EY1: 5-14 - Registration | EZ1: 15 - Source Establishment | FA1: 16-34 - Processing | FB1: 35-39 - Storage | FC1: 40-42 - Exceptional Distribution | FD1: 43-54 - Error, Accident and Adverse Reaction Investigation and Reporting | FE1: 55-63 - Records | FF1: 64-69 - Personnel, Facilities, Equipment and Supplies | FG1: 70-76 - Quality Assurance System | FH1: Regulation_Deficiency (FR) | FI1: Sécurité des cellules, tissus et organes humains destinés à la transplantation | FJ1: 4 - Interdiction | FK1: 5 à 14 - Demande d’enregistrement | FL1: 15 - Établissement central | FM1: 16 à 34 - Traitement | FN1: 35 à 39 - Conservation | FO1: 40 à 42 - Distribution exceptionnelle | FP1: 43 à 54 - Enquêtes et rapports concernant les accidents, manquements et effets indésirables | FQ1: 55 à 63 - Dossiers | FR1: 64 à 69 - Personnel, installations, équipements et produits | FS1: 70 à 76 - Système d’assurance de la qualité | FT1: Deficiency (EN) | FU1: Deficiency (FR) | FV1: InspectionOutcome(EN) | FW1: InspectionOutcome(FR) | FX1: MeasureTaken(EN) | FY1: MeasureTaken(FR) | FZ1: Activites (EN) | GA1: Activities (FR)
A2: 67847 | C2: AB | D2: Regular Inspection | E2: Inspection régulière | F2: Abbott Corporation | G2: C | H2: C | K2: Safety of Human Cells, Tissues and Organs for Transplantation | L2: No deficiencies were noted. | M2: The establishment transplanted cells, tissues or organs that were not processed by a registered establishment. | N2: The establishment’s application for registration did not contain all required information. | O2: The establishment did not notify Health Canada in writing within 30 days of a change in the information on its registration application. | P2: The establishment did not provide the requested information to Health Canada by the required date. | Q2: The establishment did not sufficiently demonstrate its responsibility for assessing the safety of cells, tissues or organs processed by themselves or by another establishment. | R2: The establishment did not have documented evidence to demonstrate that all its activities, processes, and technical procedures would consistently achieve the expected results. | S2: The establishment inappropriately pooled cells, tissues or organs from different donors for one recipient. | T2: The establishment did not collect all required history and information on the donors. | U2: The establishment did not apply plasma dilution algorithms when required. | V2: For tissue donors, the establishment did not assess donors for all factors that could or would exclude them from donating. | W2: For ocular tissue donors, the establishment did not assess donors for all factors that could or would exclude them from donating. | X2: For organ or islet cell donors, the establishment did not collect all required history and information on the donors. | Y2: For lymphohematopoietic cells, the establishment did not collect all required history and information on the donors. | Z2: The establishment did not retrieve tissues within the established timelines. | AA2: The establishment used test kits for transmissible diseases that were not licensed. | AB2: The establishment used test kits for transmissible diseases that were not licensed for donor screening. | AC2: The establishment did not perform bacterial testing. | AD2: The establishment did not ensure the packaging materials were free from damage. | AE2: The label or package insert information was not in English or French. | AF2: Cells were not labelled with all required information. | AG2: Tissues were not labelled with all required information. | AH2: Organs were not labelled with all required information. | AI2: The labels did not include all of the required information. | AJ2: The establishment did not quarantine cells or tissues until it determined the donors were suitable. | AK2: The establishment did not adhere to the maximum storage periods for cells, tissues or organ adjunct vessels. | AL2: The establishment did not store cells, tissues or organs under appropriate environmental conditions. | AM2: The establishment did not ship cells, tissues or organs under appropriate environmental conditions. | AN2: The establishment did not appropriately segregate tissues. | AO2: The establishment did not segregate untested or positive cells, tissues or organs. | AP2: The establishment did not meet the required conditions to release under exceptional distribution. | AQ2: The establishment did not keep a copy of the notices of exceptional distribution. | AR2: The establishment did not provide the transplant establishments with the completed donor suitability documentation when exceptional distribution was used. | AS2: The establishment did not take all required steps when the safety of a cell, tissue or organ may have been compromised by errors or accidents during processing. | AT2: The source establishment did not take all required actions when the safety of a cell, tissue or organ may have been compromised by errors or accidents during processing. | AU2: The source establishment did not advise other establishments when investigations were not needed. | AV2: The establishment did not immediately quarantine all affected cells, tissues and organs, following receipt of error or accident notices. | AW2: The establishment did not take all required actions when unexpected adverse reactions may have occurred. | AX2: The source establishment did not take all required actions when unexpected adverse reactions may have occurred. | AY2: The establishment did not immediately quarantine all affected cells, tissues and organs, following receipt of adverse reaction notices. | AZ2: The establishment did not provide source establishments with information relevant to investigations. | BA2: The source establishment did not provide Health Canada with error or accident reports where required. | BB2: The source establishment did not advise the required establishments of the results of its investigations. | BC2: The source establishment did not advise the required establishments of the results of its investigations. | BD2: The source establishment did not provide Health Canada with the final reports on its investigations. | BE2: The establishment's record were not always accurate, complete, legible and/or indelible. | BF2: The source establishment did not assign a donor identification code to each donor. | BG2: The establishment’s records did not identify the establishment from which it received the cells, tissues or organs. | BH2: The establishment’s records did not include all shipping documents. | BI2: The source establishment did not keep all required records for the cells, tissues and organs it processed. | BJ2: The transplant establishment did not keep all required records for the cells, tissues and organs it transplanted. | BK2: The establishment did not provide the source and/or transplant establishments with all required information to complete their records. | BL2: The establishment did not keep records for the required amount of time. | BM2: The establishment stored records in locations which did not have appropriate environmental conditions. | BN2: The establishment did not have sufficient qualified personnel to carry out its activities. | BO2: The facilities were not constructed and maintained to permit all or some activities to be conducted. | BP2: The equipment cleaning and maintenance was not adequate. | BQ2: The establishment did not use equipment that maintained appropriate environment conditions for the storage of cells, tissues or organs. | BR2: The establishment used processing supplies that were not qualified. | BS2: The establishment used cleaning, maintenance, disinfection or sterilization supplies that could negatively affect the cells, tissues or organs. | BT2: The establishment’s quality assurance system did not comply with the regulatory requirements. | BU2: The establishment did not have standard operating procedures for all its activities. | BV2: The standard operating procedures were not in a standardized format. | BW2: The establishment did not review their standard operating procedures every two years. | BX2: The establishment did not keep records showing that standard operating procedures had been implemented. | BY2: The establishment did not conduct an audit of all regulated activities every two years. | BZ2: Sécurité des cellules, tissus et organes humains destinés à la transplantation | CA2: Aucune lacune n’a été notée. | CB2: L’établissement avait transplanté des cellules, tissus ou organes qui n’avaient pas été traités par un établissement enregistré. | CC2: La demande d’enregistrement ne contenait pas tous les renseignements exigés. | CD2: L’établissement n’avait pas avisé Santé Canada par écrit d’un changement apporté aux renseignements figurant dans sa demande d’enregistrement dans les trente jours suivant ce changement. | CE2: L’établissement n’avait pas les renseignements demandés à Santé Canada dans le délai prescrit. | CF2: L’établissement n’avait pas suffisamment démontré sa responsabilité au sujet de l’évaluation de la sécurité des cellules, tissus ou organes qui ont été traités par lui-même ou par un autre établissement. | CG2: L’établissement ne disposait pas de la documentation permettant de démontrer que toutes les activités et procédures et tous les procédés techniques permettraient d’atteindre de façon constante les résultats anticipés. | CH2: L’établissement avait mis en commun de façon inappropriée des cellules, tissus ou organes provenant de donneurs différents destinés à un seul receveur. | CI2: L’établissement n’avait pas recueilli tous les renseignements et antécédents exigés sur les donneurs. | CJ2: L’établissement n’avait pas appliqué d’algorithmes de dilution plasmatique quand il le fallait. | CK2: L’établissement n’avait pas évalué les donneurs de tissus pour tous les facteurs qui pouvaient ou auraient pu les exclure du don. | CL2: L’établissement n’avait pas évalué les donneurs de tissus oculaires pour tous les facteurs qui pouvaient ou auraient pu les exclure du don. | CM2: L’établissement n’avait pas recueilli tous les renseignements et antécédents des donneurs d’organe ou d’îlots de Langerhans. | CN2: L’établissement n’avait pas recueilli tous les renseignements et antécédents exigés des donneurs de cellules lymphohématopoïétiques. | CO2: L’établissement n’avait pas effectué les prélèvements de tissus dans les délais prescrits. | CP2: L’établissement avait utilisé des trousses d’essais de dépistage des maladies transmissibles non homologuées. | CQ2: L’établissement avait utilisé des trousses d’essais de dépistage des maladies transmissibles non homologuées pour l’évaluation préliminaire de donneurs. | CR2: L’établissement n’avait pas effectué les essais bactériologiques. | CS2: L’établissement ne s’était pas assuré que les matériaux d’emballage n’étaient pas endommagés. | CT2: Les renseignements sur l’étiquette ou l’encart informatif n’étaient ni en français ni en anglais. | CU2: Des cellules n’avaient pas été étiquetées avec tous les renseignements exigés. | CV2: Des tissus n’avaient pas été étiquetés avec tous les renseignements exigés. | CW2: Des organes n’avaient pas été étiquetés avec tous les renseignements exigés. | CX2: Les étiquettes ne comportaient pas tous les renseignements exigés. | CY2: L’établissement n’avait pas mis en quarantaine des cellules ou des tissus jusqu’à ce que les donneurs aient été jugés admissibles. | CZ2: L’établissement n’avait pas respecté les périodes de conservation maximales des cellules, tissus ou vaisseaux prélevés avec un organe. | DA2: L’établissement n’avait pas conservé des cellules, tissus ou organes dans des conditions ambiantes et matérielles appropriées. | DB2: L’établissement n’avait pas expédié des cellules, tissus ou organes dans des conditions ambiantes et matérielles appropriées. | DC2: L’établissement n’avait pas mis des tissus à l’écart de façon appropriée. | DD2: L’établissement n’avait pas mis à l’écart des cellules, tissus ou organes qui n’avaient pas encore fait l’objet d’essais ou dont les résultats des essais s’étaient révélés positifs. | DE2: L’établissement n’avait pas respecté les conditions exigées permettant d’effectuer la distribution exceptionnelle. | DF2: L’établissement n’avait pas versé dans ses dossiers une copie des avis de distribution exceptionnelle. | DG2: L’établissement n’avait pas fourni aux établissements où se faisait la transplantation les évaluations terminées de l’admissibilité du donneur lorsqu’on avait eu recours à la distribution exceptionnelle. | DH2: L’établissement n’avait pas pris toutes les mesures nécessaires lorsque la sécurité des cellules, tissus ou organes avait pu être compromise par des accidents ou des manquements pendant le traitement. | DI2: L’établissement central n’avait pas pris toutes les mesures nécessaires lorsque la sécurité des cellules, tissus ou organes avait pu être compromise par des accidents ou des manquements pendant le traitement. | DJ2: L’établissement central n’avait pas avisé les autres établissements lorsqu’une enquête n’était pas nécessaire. | DK2: L’établissement, après avoir reçu des avis d’accident ou de manquement, n’avait pas immédiatement mis en quarantaine tous les organes, tissus ou cellules en cause. | DL2: L’établissement n’avait pas pris toutes les mesures nécessaires lorsque des effets indésirables imprévus auraient pu se produire. | DM2: L’établissement central n’avait pas pris toutes les mesures nécessaires lorsque des effets indésirables imprévus auraient pu se produire | DN2: L’établissement, après avoir reçu des avis sur des effets indésirables, n’avait pas immédiatement mis en quarantaine tous les organes, tissus et cellules en cause. | DO2: L’établissement n’avait pas fourni aux établissements centraux les renseignements utiles aux enquêtes. | DP2: L’établissement central n’avait pas fourni à Santé Canada les rapports d’accident ou de manquement lorsque requis. | DQ2: L’établissement central n’avait pas avisé les établissements concernés du résultat de ses enquêtes. | DR2: L’établissement central n’avait pas avisé les établissements concernés des résultats de ses enquêtes. | DS2: L’établissement central n’avait pas fourni à Santé Canada les rapports d’enquêtes finaux. | DT2: Le contenu des dossiers de l’établissement n’était pas toujours exact, complet, lisible et/ou indélébile. | DU2: L’établissement central n’avait pas attribué un code d’identification du donneur à chaque donneur. | DV2: Les dossiers de l’établissement ne permettaient pas de déterminer l’établissement duquel provenaient les cellules, les tissus ou les organes. | DW2: Les dossiers de l’établissement ne comprenaient pas tous les documents d’expédition. | DX2: L’établissement central n’avait pas tenu tous les dossiers nécessaires à l’égard des cellules, tissus et organes qu’il traitait. | DY2: L’établissement où se fait la transplantation n’avait pas tenu tous les dossiers nécessaires à l’égard des cellules, tissus et organes qu’il avait transplanté. | DZ2: L’établissement n’avait pas fourni aux établissements centraux et/ou aux établissements où se faisait la transplantation tous les renseignements requis permettant de compléter leurs dossiers. | EA2: L’établissement n’avait pas respecté la période exigée de conservation des dossiers. | EB2: L’établissement avait entreposé ses dossiers dans des lieux où les conditions ambiantes et matérielles étaient appropriées. | EC2: L’établissement n’avait pas le personnel qualifié en nombre suffisant pour exercer ses activités. | ED2: Les installations n’étaient pas construites et entretenues de manière à permettre l’exécution de toutes ou certaines des activités. | EE2: L’équipement de nettoyage et d’entretien était inadéquat. | EF2: L’établissement n’avait pas utilisé l’équipement permettant de maintenir des conditions ambiantes et matérielles appropriées pour la conservation de cellules, tissus ou organes. | EG2: L’établissement avait utilisé du matériel et des produits de traitement non qualifiés. | EH2: L’établissement avait utilisé des produits de nettoyage, d’entretien, de désinfection ou de stérilisation qui auraient pu avoir des effets négatifs sur les cellules, tissus ou organes. | EI2: Le système d’assurance de la qualité de l’établissement n’était pas conforme aux exigences réglementaires. | EJ2: L’établissement n’avait pas de procédures d’opération normalisées pour toutes ses activités. | EK2: Les procédures d’opération normalisées n’étaient pas dans un format type. | EL2: L’établissement n’avait pas révisé ses procédures d’opération normalisées tous les deux ans. | EM2: L’établissement n’avait pas conservé les dossiers démontrant la mise en application des procédures d’opération normalisées. | EN2: L’établissement n’avait pas effectué de vérifications des activités visées par le Règlement tous les deux ans. | EO2: Cells were not labelled with all required information. | EP2: Des cellules n’avaient pas été étiquetées avec tous les renseignements exigés. | EQ2: Y | ER2: Y | EU2: Safety of Human Cells, Tissues and Organs for Transplantation | EV2: Sécurité des cellules, tissus et organes humains destinés à la transplantation | EW2: No deficiencies were noted. | EX2: Deficiencies were noted related to prohibited activities outlined in the Safety of Human Cells, Tissues and Organs for Transplantation Regulations. | EY2: Deficiencies were noted with the establishment’s application for registration. | EZ2: Deficiencies were noted in the source establishment meeting its responsibilities. | FA2: Deficiencies were noted in the general processing of cells, tissues or organs. | FB2: Deficiencies were noted in the storage of cells, tissues or organs. | FC2: Deficiencies were noted in the establishment’s exceptional distribution process. | FD2: Deficiencies were noted in the actions taken when errors or accidents occurred. | FE2: Deficiencies were noted in the establishment’s records. | FF2: Deficiencies were noted in personnel qualifications or training. | FG2: Deficiencies were noted with the quality assurance system | FH2: Sécurité des cellules, tissus et organes humains destinés à la transplantation | FI2: Aucune lacune n’a été notée. | FJ2: Des lacunes ont été notées concernant les activités interdites indiquées dans le Règlement sur la sécurité des cellules, tissus et organes humains destinés à la transplantation. | FK2: Des lacunes ont été notées concernant la demande d’enregistrement de l’établissement. | FL2: Des lacunes ont été notées concernant le respect des responsabilités que doit assumer l’établissement central. | FM2: Des lacunes ont été notées concernant le traitement général des cellules, des tissus ou des organes. | FN2: Des lacunes ont été notées concernant la conservation des cellules, des tissus ou des organes. | FO2: Des lacunes ont été notées concernant le processus de distribution exceptionnelle de l’établissement. | FP2: Des lacunes ont été notées concernant les mesures prises en cas d’accidents ou de manquements. | FQ2: Des lacunes ont été notées concernant les dossiers de l’établissement. | FR2: Des lacunes ont été notées concernant les qualifications ou la formation du personnel. | FS2: Des lacunes ont été notées concernant le système d’assurance de la qualité. | FT2: No deficiencies were noted. | FU2: Aucune lacune n’a été notée. | FV2: The inspection resulted in a compliant rating.The establishment was compliant with the Safety of Human Cells, Tissues and Organs for Transplantation Regulations. | FW2: L'inspection a entraîné l'attribution d'une cote de conformité.L'établissement respectait le Règlement sur la sécurité des cellules, tissus et organes humains destinés à la transplantation. | FX2: We requested corrective actions. | FY2: Nous avons demandé des mesures correctives. | FZ2: Processing, Importation, Distribution, Storage | GA2: Traitement, Importation, Distribution, Conservation
A3: 70412 | C3: BC | D3: Re-Inspection | E3: Réinspection | F3: Abbvie Corporation | G3: NC | H3: NC | K3: 4 - Prohibition | M3: The establishment transplanted cells, tissues or organs that were not determined safe for transplantation. | O3: The establishment did not notify Health Canada in writing within 90 days of stopping activities. | Q3: The establishment did not demonstrate that the cells, tissues or organs were safe for transplantation. | T3: The establishment did not assess donors for all factors that could or would exclude them from donating. | U3: The establishment did not accurately calculate the plasma dilutions. | V3: For tissue donors, the establishment did not use appropriate and effective tests for infectious disease testing. | X3: For organ or islet cell donors, the establishment did not assess donors for all factors that could or would exclude them from donating. | Y3: For lymphohematopoietic cells, the establishment did not perform the required physical exam on the donors. | AA3: For imported lymphohematopoietic cells, the establishment used test kits for transmissible diseases that were not licensed. | AF3: Pancreases were not labelled with all required information. | AJ3: The establishment did not quarantine cells or tissues until it had reviewed the bacterial test results. | AL3: The establishment stored cells, tissues or organs in locations that were accessible to unauthorized persons. | AQ3: The notices of exceptional distribution did not include all required information. | AS3: The importer did not notify source establishments after it was notified of errors or accidents. | AT3: The source establishment did not adequately complete error or accident reports. | AV3: The establishment did not forward copies of error or accident notices to every establishment to whom they distributed cells, tissues and organs. | AW3: The importer did not notify source establishments when it received adverse reactions notices. | AX3: The source establishment did not adequately complete adverse reaction notices. | AY3: The establishment did not forward copies of adverse reaction notices to every establishment to whom they distributed cells, tissues and organs. | BA3: The source establishment did not provide Health Canada with unexpected serious adverse reaction reports where required. | BB3: The establishment did not advise the required establishments of the results of investigations conducted by source establishments. | BC3: The establishment did not advise the required establishments of the results of investigations conducted by source establishments. | BD3: The source establishment did not provide Health Canada with all the required information on its final investigation reports. | BE3: The establishment’s records were not accurate, complete, legible and/or indelible. | BF3: The establishment did not use the donor identification code in its records system. | BG3: The establishment’s records did not identify the establishment to whom it distributed the cells, tissues or organs. | BM3: The establishment stored records in locations that were accessible to unauthorized persons. | BN3: Personnel did not meet all required qualifications with regard to their education, training or experience to perform their respective tasks. | BO3: The facilities were not constructed and maintained to permit efficient cleaning, maintenance and disinfection. | BP3: The equipment was not qualified for its intended purpose. | BR3: The establishment did not store solutions, reagents or other supplies under appropriate environmental conditions. | BU3: The establishment did not follow the standard operating procedures as written. | BV3: The medical or scientific director did not approve the standard operating procedures. | BW3: The establishment did not review their standard operating procedures after a change to the Regulations. | BY3: The audit was conducted by a person who had direct responsibility for the activities being audited. | BZ3: 4 - Interdiction | CB3: L’établissement avait transplanté des cellules, tissus ou organes qui n’avaient pas été jugés sécuritaires aux fins de transplantation. | CD3: L’établissement n’avait pas avisé Santé Canada par écrit dans les quatre-vingt-dix jours suivant la cessation de ses activités. | CF3: L’établissement n’avait pas démontré que les cellules, tissus ou organes étaient sécuritaires aux fins de transplantation. | CI3: L’établissement n’avait pas évalué les donneurs pour tous les facteurs qui pouvaient ou auraient pu les exclure du don. | CJ3: L’établissement n’avait pas calculé correctement les dilutions plasmatiques. | CK3: L’établissement n’avait pas effectué les essais appropriés et efficaces sur les donneurs de tissus aux fins de dépistage des maladies infectieuses. | CM3: L’établissement n’avait pas évalué les donneurs d’organe ou d’îlots de Langerhans pour tous les facteurs qui pouvaient ou auraient pu les exclure du don. | CN3: L’établissement n’avait pas effectué l’examen physique des donneurs de cellules lymphohématopoïétiques tel qu’exigé. | CP3: Dans le cas de cellules lymphohématopoïétiques importées, l’établissement avait utilisé des trousses d’essais de dépistage des maladies transmissibles non homologuées. | CU3: Des pancréas n’avaient pas été étiquetés avec tous les renseignements exigés. | CV3: Des tissus n’avaient pas été étiquetés avec tous les renseignements exigés. | CY3: L’établissement n’avait pas mis en quarantaine des cellules ou des tissus jusqu’à ce qu’il ait examiné les résultats des essais bactériologiques. | DA3: L’établissement avait conservé des cellules, tissus ou organes dans des lieux accessibles aux personnes non autorisées. | DF3: Les avis de distribution exceptionnelle ne comportaient pas tous les renseignements exigés. | DH3: L’importateur n’avait pas avisé les établissements centraux après avoir été informé d’accidents ou manquements. | DI3: L’établissement central n’avait pas complété les rapports d’accident ou de manquement de façon adéquate. | DK3: L’établissement n’avait pas envoyé une copie des avis d’accident ou de manquement à chacun des établissements auquel il avait distribué des cellules, tissus et organes. | DL3: L’importateur n’avait pas avisé les établissements centraux lorsqu’il avait reçu des avis sur des effets indésirables. | DM3: L’établissement central n’avait pas complété les avis sur des effets indésirables de façon adéquate. | DN3: L’établissement n’avait pas envoyé de copie des avis sur des effets indésirables à chacun des établissements auquel il avait distribué des cellules, tissus et organes. | DP3: L’établissement central n’avait pas fourni à Santé Canada les rapports sur les effets indésirables graves imprévus lorsque requis. | DQ3: L’établissement n’avait pas avisé les établissements concernés des résultats des enquêtes menées par les établissements centraux. | DR3: L’établissement n’avait pas avisé les établissements concernés des résultats des enquêtes menées par les établissements centraux. | DS3: L’établissement central n’avait pas fourni à Santé Canada tous les renseignements nécessaires dans ses rapports d’enquête finaux. | DT3: Le contenu des dossiers de l’établissement n’était pas exact, complet, lisible et/ou indélébile. | DU3: L’établissement n’avait pas utilisé le code d’identification du donneur dans son système de dossiers. | DV3: Les dossiers de l’établissement ne permettaient pas de déterminer l’établissement auquel il avait distribué les cellules, les tissus ou les organes. | EB3: L’établissement avait entreposé ses dossiers dans des lieux accessibles à des personnes non autorisées. | EC3: Les membres du personnel ne rencontraient pas toutes les exigences quant à leur qualification de par leurs études, leur formation ou leur expérience pour accomplir leurs tâches respectives. | ED3: Les installations n’étaient pas construites et entretenues de manière à permettre un nettoyage, un entretien et une désinfection efficaces. | EE3: L’équipement n’était pas qualifié en fonction de l’utilisation prévue. | EG3: L’établissement n’avait pas conservé les solutions, les réactifs ou tout autre produit dans des conditions ambiantes et matérielles appropriées. | EJ3: L’établissement n’avait pas suivi les procédures d’opération normalisées telles qu’écrites. | EK3: Le directeur médical ou scientifique n’avait pas approuvé les procédures d’opération normalisées. | EL3: L’établissement n’avait pas révisé ses procédures d’opération normalisées à la suite d’une modification du Règlement. | EN3: La vérification avait été effectuée par une personne directement responsable des activités visées. | EO3: For imported lymphohematopoietic cells, the establishment did not have complete documentation of the donor suitability assessment. | EP3: Dans le cas de cellules lymphohématopoïétiques importées, l’établissement ne disposait pas de la documentation complète concernant l’évaluation de l’admissibilité de donneurs. | EQ3: N | ER3: N | EU3: 4 - Prohibition | EV3: 4 - Interdiction | EY3: Deficiencies were noted in the notification of registration changes to Health Canada. | FA3: Deficiencies were noted in donor suitability assessment. | FD3: Deficiencies were noted in the actions taken when unexpected adverse reactions occurred. | FF3: Deficiencies were noted in the construction or maintenance of the facilities. | FG3: Deficiencies were noted with standard operating procedures or audits. | FH3: 4 - Interdiction | FK3: Des lacunes ont été notées concernant l’avis à Santé Canada au sujet des changements apportés à l’enregistrement. | FM3: Des lacunes ont été notées concernant l’évaluation de l’admissibilité du donneur. | FP3: Des lacunes ont été notées concernant les mesures prises en cas d’effets indésirables imprévus. | FR3: Des lacunes ont été notées concernant la construction ou l’entretien des installations. | FS3: Des lacunes ont été notées concernant les procédures d’opération normalisées ou les vérifications. | FT3: Deficiencies were noted in donor suitability assessment. | FU3: Des lacunes ont été notées concernant l’évaluation de l’admissibilité du donneur. | FV3: The inspection resulted in a non-compliant rating.The establishment was not compliant with the Safety of Human Cells, Tissues and Organs for Transplantation Regulations. | FW3: L'inspection a entraîné l'attribution d'une cote de non-conformité.L'établissement ne respectait pas le Règlement sur la sécurité des cellules, tissus et organes humains destinés à la transplantation. | FX3: We evaluated the establishment’s corrective actions and found them to be satisfactory. | FY3: Nous avons évalué les mesures correctives de l’établissement et les avons considérées satisfaisantes. | FZ3: Processing, Importation, Distribution | GA3: Traitement, Importation, Distribution
A4: 79073 | C4: MB | D4: Re-Assessment | E4: Réévaluation | F4: Actelion Pharmaceuticals Inc | G4: Inspection in progress | H4: Inspection in progress | K4: 6 - Registration | M4: The establishment imported cells, tissues or organs that were not processed by a registered establishment. | T4: The completed donor questionnaires were not recent and relevant. | V4: For tissue donors, the establishment did not correctly interpret the results of the infectious disease tests. | X4: For organ or islet cell donors, the establishment did not perform all required tests. | Y4: For lymphohematopoietic cells, the physical exam of the donors was not recent and relevant. | AF4: Islet cells were not labelled with all required information. | AJ4: The establishment did not quarantine cells or tissues until it had reviewed all processing records. | AS4: The establishment did not adequately complete error or accident reports. | AW4: The establishment did not adequately complete adverse reaction notices. | BA4: The establishment did not provide Health Canada with preliminary error or accident reports within 24 hours after the start of investigations. | BD4: The source establishment did not send summaries of final investigation reports to all required establishments. | BN4: The establishment's system for the orientation, training, and competency evaluation of staff was not sufficient. | BO4: The facilities were not constructed and maintained to permit environmental and/or microbiological monitoring and control. | BP4: The equipment was not calibrated as required. | BV4: The standard operating procedures were not available in locations where the relevant activities were conducted. | BW4: The establishment did not review their standard operating procedures after a deficiency was identified in an investigation or an audit. | BZ4: 6 - Enregistrement | CB4: L’établissement avait importé des cellules, tissus ou organes qui n’avaient pas été traités par un établissement enregistré. | CI4: Les questionnaires remplis par les donneurs n’étaient pas récents ni pertinents. | CK4: L’établissement n’avait pas correctement interprété les résultats des essais de dépistage des maladies infectieuses sur les donneurs de tissus. | CM4: L’établissement n’avait pas effectué tous les essais exigés sur les donneurs d’organe ou d’îlots de Langerhans. | CN4: L’examen physique des donneurs de cellules lymphohématopoïétiques n’était pas récent ni pertinent. | CU4: Des îlots de Langerhans n’avaient pas été étiquetés avec tous les renseignements exigés. | CY4: L’établissement n’avait pas mis en quarantaine des cellules ou des tissus jusqu’à ce qu’il ait examiné toutes les données concernant le traitement. | DH4: L’établissement n’avait pas complété les rapports d’accident ou de manquement de façon adéquate. | DL4: L’établissement n’avait pas complété les avis sur des effets indésirables de façon adéquate. | DP4: L’établissement n’avait pas fourni à Santé Canada les rapports préliminaires d’accident ou de manquement dans les 24 heures suivant le début des enquêtes. | DS4: L’établissement central n’avait pas envoyé les sommaires des rapports d’enquête finaux à tous les établissements concernés. | EC4: L’établissement avait un programme continu d’orientation, de formation et d’évaluation des compétences du personnel insuffisant. | ED4: Les installations n’étaient pas construites et entretenues de manière à permettre la surveillance et/ou le contrôle des conditions ambiantes et microbiologiques. | EE4: L’équipement n’avait pas été étalonné lorsque la situation l’exigeait. | EK4: Les procédures d’opération normalisées n’étaient pas accessibles aux endroits où les activités visées étaient pratiquées. | EL4: L’établissement n’avait pas révisé ses procédures d’opération normalisées après qu’une lacune eut été découverte lors d’une enquête ou d’une vérification. | EO4: For imported lymphohematopoietic cells, the establishment did not have complete documentation of the donor suitability assessment. | EP4: Dans le cas de cellules lymphohématopoïétiques importées, l’établissement ne disposait pas de la documentation complète concernant l’évaluation de l’admissibilité des donneurs. | EU4: 5-14 - Registration | EV4: 5 à 14 - Demande d’enregistrement | EY4: Deficiencies were noted in the information provided to Health Canada. | FA4: Deficiencies were noted in regards to retrieval of tissues. | FD4: Deficiencies were noted in the investigation and reporting of errors, accidents or adverse reactions. | FF4: Deficiencies were noted with equipment or supplies used in processing or storage activities. | FH4: 5 à 14 - Demande d’enregistrement | FK4: Des lacunes ont été notées concernant les renseignements fournis à Santé Canada. | FM4: Des lacunes ont été notées concernant le prélèvement de tissus. | FP4: Des lacunes ont été notées concernant les enquêtes et les rapports d’accidents, de manquements ou d’effets indésirables. | FR4: Des lacunes ont été notées concernant l’équipement ou le matériel utilisé dans le cadre des activités de traitement ou de conservation. | FT4: Deficiencies were noted in personnel qualifications or training. | FU4: Des lacunes ont été notées concernant les qualifications ou la formation du personnel. | FV4: The rating is the result of observations made by Health Canada based on a reasonable belief at a particular point in time during the course of an inspection that the establishment was conducting the regulated activities in compliance with the Food and Drug's Act and Safety of Human Cells, Tissues and Organs for Transplantation Regulations. | FW4: Les cotes découlent d'observations faites par Santé Canada à un moment précis d'une inspection et qui donnent un motif raisonnable de croire que l'établissement effectuait les activités réglementées conformément à la Loi sur les aliments et drogues et le Règlement sur la sécurité des cellules, tissus et organes humains destinés à la transplantation. | FX4: We evaluated the establishment’s corrective actions and found they were not satisfactory. | FY4: Nous avons évalué les mesures correctives de l’établissement et les avons considérées insatisfaisantes. | FZ4: Processing, Importation, Storage | GA4: Traitement, Importation, Conservation
A5: 85433 | C5: NB | F5: Alcon Research Limited | K5: 13 - Registration | M5: The establishment imported cells, tissues or organs that were not determined safe for transplantation. | T5: The establishment did not perform the required physical exam on the donors. | V5: For tissue donors, the establishment did not test for infectious diseases within established timelines. | X5: For organ or islet cell donors, the establishment did not use appropriate and effective tests for infectious disease testing. | Y5: For lymphohematopoietic cells, the establishment did not assess donors for all factors that could or would exclude them from donating. | AJ5: The establishment did not quarantine tissues from living donors until the testing was complete. | AS5: The establishment did not send written notices of errors or accidents as soon as possible. | AW5: The establishment did not send written notices of adverse reactions as soon as possible. | BA5: The establishment did not provide Health Canada with preliminary unexpected serious adverse reaction reports within 24 hours after the start of investigations. | BD5: The establishment did not forward the summary of final investigation reports to all required establishments. | BO5: The facilities were not constructed and maintained to control access to areas where activities were conducted. | BP5: The equipment was not disinfected or sterilized before each use as required. | BV5: The medical or scientific director did not approve changes to the standard operating procedures before they were implemented. | BZ5: 13 - Enregistrement | CB5: L’établissement avait importé des cellules, tissus ou organes qui n’avaient pas été jugés sécuritaires aux fins de transplantation. | CI5: L’établissement n’avait pas effectué l’examen physique des donneurs tel qu’exigé. | CK5: L’établissement n’avait pas effectué les essais de dépistage des maladies infectieuses sur les donneurs de tissus dans les délais prescrits. | CM5: L’établissement n’avait pas effectué les essais appropriés et efficaces sur les donneurs d’organe ou d’îlots de Langerhans aux fins de dépistage des maladies infectieuses. | CN5: L’établissement n’avait pas évalué des donneurs de cellules lymphohématopoïétiques pour tous les facteurs qui pouvaient ou auraient pu les exclure du don. | CY5: L’établissement n’avait pas mis en quarantaine des tissus de donneurs vivants jusqu’à ce que les essais aient été terminés. | DH5: L’établissement n’avait pas envoyé aussitôt que possible les avis écrits d’accidents ou de manquements. | DL5: L’établissement n’avait pas envoyé aussitôt que possible les avis écrits sur des effets indésirables. | DP5: L’établissement n’avait pas fourni à Santé Canada les rapports préliminaires sur les effets indésirables graves imprévus dans les 24 heures après le début des enquêtes. | DS5: L’établissement n’avait pas envoyé une copie des sommaires des rapports finaux d’enquêtes à tous les établissements concernés. | ED5: Les installations n’étaient pas construites et entretenues de manière à contrôler les accès aux zones d’activités. | EE5: L’équipement n’avait pas été désinfecté ou stérilisé avant chaque utilisation lorsque la situation l’exigeait. | EK5: Le directeur médical ou scientifique n’avait pas approuvé les changements apportés aux procédures d’opération normalisées avant leur mise en application. | EO5: For imported lymphohematopoietic cells, the establishment did not have complete documentation showing completion of all required tests on the donors. | EP5: Dans le cas de cellules lymphohématopoïétiques importées, l’établissement ne disposait pas de la documentation complète permettant de démontrer que tous les essais exigés avaient été effectués. | EU5: 15 - Source Establishment | EV5: 15 - Établissement central | FA5: Deficiencies were noted in testing. | FH5: 15 - Établissement central | FM5: Des lacunes ont été notées concernant les essais. | FT5: Deficiencies were noted in regards to retrieval of tissues. | FU5: Des lacunes ont été notées concernant le prélèvement de tissus. | FV5: The rating is the result of observations made by Health Canada based on a reasonable belief at a particular point in time during the course of an inspection that the establishment was not conducting the regulated activities in compliance with the Food and Drug's Act and the Safety of Human Cells, Tissues and Organs for Transplantation Regulations. | FW5: Les cotes découlent d'observations faites par Santé Canada à un moment précis d'une inspection et qui donnent un motif raisonnable de croire que l'établissement n'effectuait pas une ou plusieurs activités réglementées conformément à la Loi sur les aliments et drogues et le Règlement sur la sécurité des cellules, tissus et organes humains destinés à la transplantation. | FX5: We evaluated the establishment’s corrective actions and may conduct a re-inspection. | FY5: Nous avons évalué les mesures correctives de l’établissement et il se peut que nous fassions une réinspection. | FZ5: Processing, Distribution, Storage | GA5: Traitement, Distribution, Conservation
A6: 102075 | C6: NL | F6: Allergan Inc | K6: 14 - Registration | T6: The physical exam of the donors was not recent and relevant. | X6: For organ or islet cell donors, the establishment did not correctly interpret the results of the infectious disease tests. | Y6: For lymphohematopoietic cells, the establishment did not perform all required tests. | BA6: The establishment did not provide Health Canada with the required information about suspected error or accident investigations every 15 days until the submission of final reports. | BV6: The medical or scientific director did not approve some of the changes to the standard operating procedures before they were implemented. | BZ6: 14 - Enregistrement | CI6: L’examen physique des donneurs n’était pas récent ni pertinent. | CM6: L’établissement n’avait pas correctement interprété les résultats des essais de dépistage des maladies infectieuses sur les donneurs d’organe ou d’îlots de Langerhans. | CN6: L’établissement n’avait pas effectué tous les essais exigés sur les donneurs de cellules lymphohématopoïétiques. | DP6: L’établissement n’avait pas fourni à Santé Canada, tous les 15 jours jusqu’au dépôt du rapport final, les renseignements nécessaires sur les enquêtes concernant un accident ou un manquement soupçonné. | EK6: Le directeur médical ou scientifique n’avait pas approuvé certains des changements apportés aux procédures d’opération normalisées avant leur mise en application. | EO6: For imported lymphohematopoietic cells, the establishment did not have complete documentation to show that appropriate and effective tests for infectious diseases were used. | EP6: Dans le cas de cellules lymphohématopoïétiques importées, l’établissement ne disposait pas de la documentation complète permettant de démontrer que les essais appropriés et efficaces avaient été effectués aux fins de dépistage des maladies infectieuses. | EU6: 16-34 - Processing | EV6: 16 à 34 - Traitement | FA6: Deficiencies were noted in the packaging or labelling of cells, tissues or organs. | FH6: 16 à 34 - Traitement | FM6: Des lacunes ont été notées concernant l’emballage ou l’étiquetage des cellules, des tissus ou des organes. | FT6: Deficiencies were noted in testing. | FU6: Des lacunes ont été notées concernant les essais. | FX6: We evaluated the establishment’s corrective actions and may conduct a re-assessment. | FY6: Nous avons évalué les mesures correctives de l’établissement et il se peut que nous fassions une réévaluation. | FZ6: Processing, Distribution | GA6: Traitement, Distribution
A7: 102538 | C7: NS | F7: AlloCure Inc | K7: 15 - Source Establishment | T7: The establishment did not use appropriate and effective tests for infectious disease testing. | X7: For organ or islet cell donors, the establishment did not test for infectious diseases within established timelines. | Y7: For lymphohematopoietic cells, the establishment did not use appropriate and effective tests for infectious diseases. | BA7: The establishment did not provide Health Canada with the required information about serious adverse reaction investigations every 15 days until the submission of final reports. | BV7: The medical or scientific director did not approve all the standard operating procedures. | BZ7: 15 - Établissement central | CI7: L’établissement n’avait pas effectué les essais appropriés et efficaces aux fins de dépistage des maladies infectieuses. | CM7: L’établissement n’avait pas effectué les essais de dépistage des maladies infectieuses sur les donneurs d’organe ou d’îlots de Langerhans dans les délais prescrits. | CN7: L’établissement n’avait pas effectué les essais appropriés et efficaces sur les donneurs de cellules lymphohématopoïétiques aux fins de dépistage des maladies infectieuses. | DP7: L’établissement n’avait pas fourni à Santé Canada, tous les 15 jours jusqu’au dépôt du rapport final, les renseignements nécessaires sur les enquêtes concernant un effet indésirable grave. | EK7: Le directeur médical ou scientifique n’avait pas approuvé certaines des procédures d’opération normalisées. | EO7: The establishment did not have complete documentation of the donor suitability assessment. | EP7: L’établissement ne disposait pas de la documentation complète concernant l’évaluation de l’admissibilité des donneurs. | EU7: 35-39 - Storage | EV7: 35 à 39 - Conservation | FA7: Deficiencies were noted with the required quarantine of cells or tissues. | FH7: 35 à 39 - Conservation | FM7: Des lacunes ont été notées concernant la mise en quarantaine requise des cellules ou des tissus. | FT7: Deficiencies were noted in the actions taken when errors or accidents occurred. | FU7: Des lacunes ont été notées concernant les mesures prises en cas d’accidents ou de manquements. | FX7: A voluntary recall was requested. | FY7: Un retrait volontaire a été demandé. | FZ7: Importation, Distribution | GA7: Importation, Distribution
A8: 112120 | C8: ON | F8: Amgen Canada Inc | K8: 16 - Processing - General | T8: The establishment did not correctly interpret the results of the infectious disease tests. | X8: For imported organs, the establishment did not have documentation of the donor suitability assessment. | Y8: For lymphohematopoietic cells, the establishment did not correctly interpret the results of the infectious disease tests. | BV8: The standard operating procedures were not kept up to date. | BZ8: 16 -Traitement - Dispositions générales | CI8: L’établissement n’avait pas correctement interprété les résultats des essais de dépistage des maladies infectieuses. | CM8: Dans le cas d’organes importés, l’établissement ne disposait pas de la documentation concernant l’évaluation de l’admissibilité des donneurs. | CN8: L’établissement n’avait pas correctement interprété les résultats des essais de dépistage des maladies infectieuses sur les donneurs de cellules lymphohématopoïétiques. | EK8: Les procédures d’opération normalisées n’avaient pas été tenues à jour. | EO8: For imported lymphohematopoietic cells, the establishment did not review documentation of the donor suitability assessment. | EP8: Dans le cas de cellules lymphohématopoïétiques importées, l’établissement n’avait pas examiné la documentation concernant l’évaluation de l’admissibilité de donneurs. | EU8: 40-42 - Exceptional Distribution | EV8: 40 à 42 - Distribution exceptionnelle | FH8: 40 à 42 - Distribution exceptionnelle | FT8: Deficiencies were noted in the actions taken when unexpected adverse reactions occurred. | FU8: Des lacunes ont été notées concernant les mesures prises en cas d’effets indésirables imprévus. | FX8: Products were seized and detained. | FY8: Des produits ont été saisis et détenus. | FZ8: Distribution, Storage | GA8: Distribution, Conservation
A9: 113947 | C9: PE | F9: Amylin Pharmaceuticals | K9: 17 - Processing - General | T9: The establishment did not test for infectious diseases within established timelines. | X9: For imported organs, the establishment did not have documentation to show that all required tests were performed. | Y9: For lymphohematopoietic cells, the establishment did not test for infectious diseases within established timelines. | BZ9: 17 - Traitement - Dispositions générales | CI9: L’établissement n’avait pas effectué les essais de dépistage des maladies infectieuses dans les délais prescrits. | CM9: Dans le cas d’organes importés, l’établissement ne disposait pas de la documentation permettant de démontrer que tous les essais exigés avaient été effectués. | CN9: L’établissement n’avait pas effectué les essais de dépistage des maladies infectieuses sur les donneurs de cellules lymphohématopoïétiques dans les délais prescrits. | EO9: For imported lymphohematopoietic cells, the establishment used test kits for transmissible diseases that were not licensed. | EP9: Dans le cas de cellules lymphohématopoïétiques importées, l’établissement avait utilisé des trousses d’essais de dépistage des maladies transmissibles non homologuées. | EU9: 43-54 - Error, Accident and Adverse Reaction Investigation and Reporting | EV9: 43 à 54 - Enquêtes et rapports concernant les accidents, manquements et effets indésirables | FH9: 43 à 54 - Enquêtes et rapports concernant les accidents, manquements et effets indésirables | FT9: Deficiencies were noted in the construction or maintenance of the facilities. | FU9: Des lacunes ont été notées concernant la construction ou l’entretien des installations. | FX9: We issued a proposal to cancel the establishment’s registration. | FY9: Nous avons émis une proposition pour annuler l’enregistrement de l’établissement. | FZ9: Distribution | GA9: Distribution
A10: 114627 | C10: QC | F10: Aragon Pharmaceuticals | K10: 18 - Donor Suitability Assessment | T10: For infant donors, the establishment did not conduct infectious disease testing on the birth mother. | X10: For imported organs, the establishment did not have documentation to show appropriate and effective tests were used for all infectious diseases. | Y10: For imported lymphohematopoietic cells, the establishment did not have complete documentation of the donor suitability assessment. | BZ10: 18 -Évaluation de l’admissibilité du donneur | CI10: L’établissement n’avait pas effectué les essais de dépistage des maladies infectieuses sur la mère des nourrissons donneurs. | CM10: Dans le cas d’organes importés, l’établissement ne disposait pas de la documentation permettant de démontrer que des essais appropriés et efficaces avaient été effectués aux fins de dépistage des maladies infectieuses. | CN10: Dans le cas de cellules lymphohématopoïétiques importées, l’établissement ne disposait pas de la documentation complète concernant l’évaluation de l’admissibilité des donneurs. | EO10: For imported organs, the establishment did not have a copy of the test results before transplantation. | EP10: Dans le cas d’organes importés, l’établissement ne disposait pas d’une copie des résultats des essais effectués avant la transplantation. | EU10: 55-63 - Records | EV10: 55 à 63 - Dossiers | FH10: 55 à 63 - Dossiers | FT10: Deficiencies were noted in the establishment’s exceptional distribution process. | FU10: Des lacunes ont été notées concernant le processus de distribution exceptionnelle de l’établissement. | FX10: We issued a notice of cancellation for the establishment’s registration. | FY10: Nous avons émis un avis d’annulation de l’enregistrement de l’établissement. | FZ10: Importation, Distribution, Storage | GA10: Importation, Distribution, Conservation
A11: 115669 | C11: SK | F11: Ardea Biosciences Inc | K11: 19 - Donor Suitability Assessment | X11: For imported organs, the establishment did not have a copy of the test results before transplantation. | Y11: For imported lymphohematopoietic cells, the establishment did not have complete documentation showing completion of all required tests on the donors. | BZ11: 19 -Évaluation de l’admissibilité du donneur | CM11: Dans le cas d’organes importés, l’établissement ne disposait pas d’une copie des résultats des essais effectués avant la transplantation. | CN11: Dans le cas de cellules lymphohématopoïétiques importées, l’établissement ne disposait pas de la documentation complète permettant de démontrer que tous les essais exigés avaient été effectués. | EO11: For imported organs, the establishment did not have documentation of the donor suitability assessment. | EP11: Dans le cas d’organes importés, l’établissement ne disposait pas de la documentation concernant l’évaluation de l’admissibilité des donneurs. | EU11: 64-69 - Personnel, Facilities, Equipment and Supplies | EV11: 64 à 69 - Personnel, installations, équipements et produits | FH11: 64 à 69 - Personnel, installations, équipements et produits | FT11: Deficiencies were noted in the establishment’s records. | FU11: Des lacunes ont été notées concernant les dossiers de l’établissement. | FX11: We immediately issued a notice of cancellation for the establishment’s registration. | FY11: Nous avons émis sur-le-champ un avis d’annulation de l’enregistrement de l’établissement.
A12: 117707 | F12: Asahi Kasei Pharma America Corporation | K12: 20 - Donor Suitability Assessment | Y12: For imported lymphohematopoietic cells, the establishment did not have complete documentation to show that appropriate and effective tests for infectious diseases were used. | BZ12: 20 -Évaluation de l’admissibilité du donneur | CN12: Dans le cas de cellules lymphohématopoïétiques importées, l’établissement ne disposait pas de la documentation complète permettant de démontrer que les essais appropriés et efficaces avaient été effectués aux fins de dépistage des maladies infectieuses. | EO12: For imported organs, the establishment did not have documentation to show appropriate and effective tests were used for all infectious diseases. | EP12: Dans le cas d’organes importés, l’établissement ne disposait pas de la documentation permettant de démontrer que des essais appropriés et efficaces avaient été effectués aux fins de dépistage des maladies infectieuses. | EU12: 70-76 - Quality Assurance System | EV12: 70 à 76 - Système d’assurance de la qualité | FH12: 70 à 76 - Système d’assurance de la qualité | FT12: Deficiencies were noted in the general processing of cells, tissues or organs. | FU12: Des lacunes ont été notées concernant le traitement général des cellules, des tissus ou des organes. | FX12: We cancelled the establishment’s registration. | FY12: Nous avons annulé l’enregistrement de l’établissement.
A13: 120007 | F13: Astellas Pharma Inc | K13: 21 - Donor Suitability Assessment | Y13: For imported lymphohematopoietic cells, the establishment did not have complete documentation of the donor suitability assessment. | BZ13: 21 -Évaluation de l’admissibilité du donneur | CN13: Dans le cas de cellules lymphohématopoïétiques importées, l’établissement ne disposait pas de la documentation complète concernant l’évaluation de l’admissibilité de donneurs. | EO13: For imported organs, the establishment did not have documentation to show that all required tests were performed. | EP13: Dans le cas d’organes importés, l’établissement ne disposait pas de la documentation permettant de démontrer que tous les essais exigés avaient été effectués. | FT13: Deficiencies were noted in the information provided to Health Canada. | FU13: Des lacunes ont été notées concernant les renseignements fournis à Santé Canada. | FX13: We refused to register the establishment. | FY13: Nous avons refusé d’enregistrer l’établissement.
A14: 123972 | F14: AstraZeneca Canada Inc | K14: 22 - Donor Suitability Assessment | Y14: The establishment did not have complete documentation of the donor suitability assessment. | BZ14: 22 -Évaluation de l’admissibilité du donneur | CN14: L’établissement ne disposait pas de la documentation complète concernant l’évaluation de l’admissibilité des donneurs. | EO14: For infant donors, the establishment did not conduct infectious disease testing on the birth mother. | EP14: L’établissement n’avait pas effectué les essais de dépistage des maladies infectieuses sur la mère des nourrissons donneurs. | FT14: Deficiencies were noted in the investigation and reporting of errors, accidents or adverse reactions. | FU14: Des lacunes ont été notées concernant les enquêtes et les rapports d’accidents, de manquements ou d’effets indésirables. | FX14: We issued an exit notice to the establishment and no observations were cited. | FY14: Nous avons émis un avis de fin d’inspection à l’établissement et aucune observation n’a été citée.
A15: 125076 | F15: Bayer Inc | K15: 23 - Donor Suitability Assessment | Y15: For imported lymphohematopoietic cells, the establishment did not review documentation of the donor suitability assessment. | BZ15: 23 -Évaluation de l’admissibilité du donneur | CN15: Dans le cas de cellules lymphohématopoïétiques importées, l’établissement n’avait pas examiné la documentation concernant l’évaluation de l’admissibilité de donneurs. | EO15: For lymphohematopoietic cells, the establishment did not assess donors for all factors that could or would exclude them from donating. | EP15: L’établissement n’avait pas évalué des donneurs de cellules lymphohématopoïétiques pour tous les facteurs qui pouvaient ou auraient pu les exclure du don. | FT15: Deficiencies were noted in the notification of registration changes to Health Canada. | FU15: Des lacunes ont été notées concernant l’avis à Santé Canada au sujet des changements apportés à l’enregistrement. | FX15: We issued a registration to the establishment. | FY15: Nous avons émis un enregistrement à l’établissement.
A16: 131479 | F16: Biocryst Pharamaceuticals Inc | K16: 24 - Retrieval | BZ16: 24 - Prélèvement | EO16: For lymphohematopoietic cells, the establishment did not collect all required history and information on the donors. | EP16: L’établissement n’avait pas recueilli tous les renseignements et antécédents exigés des donneurs de cellules lymphohématopoïétiques. | FT16: Deficiencies were noted in the packaging or labelling of cells, tissues or organs. | FU16: Des lacunes ont été notées concernant l’emballage ou l’étiquetage des cellules, des tissus ou des organes. | FX16: We did not issue a registration to the establishment. | FY16: Nous n’avons pas émis d’enregistrement à l’établissement.
A17: 131590 | F17: Biogen Idec Canada Inc | K17: 25 - Testing | BZ17: 25 - Essais | EO17: For lymphohematopoietic cells, the establishment did not correctly interpret the results of the infectious disease tests. | EP17: L’établissement n’avait pas correctement interprété les résultats des essais de dépistage des maladies infectieuses sur les donneurs de cellules lymphohématopoïétiques. | FT17: Deficiencies were noted in the source establishment meeting its responsibilities. | FU17: Des lacunes ont été notées concernant le respect des responsabilités que doit assumer l’établissement central. | FX17: We requested corrective actions and may conduct a re-assessment. | FY17: Nous avons demandé des mesures correctives et il se peut que nous fassions une réévaluation.
A18: 132036 | F18: BioMarin Pharmaceutical Inc. | K18: 26 - Testing | BZ18: 26 - Essais | EO18: For lymphohematopoietic cells, the establishment did not perform all required tests. | EP18: L’établissement n’avait pas effectué tous les essais exigés sur les donneurs de cellules lymphohématopoïétiques. | FT18: Deficiencies were noted in the storage of cells, tissues or organs. | FU18: Des lacunes ont été notées concernant la conservation des cellules, des tissus ou des organes. | FX18: We requested corrective actions and may conduct a re-inspection. | FY18: Nous avons demandé des mesures correctives et il se peut que nous fassions une réinspection.
A19: 132547 | F19: Bio-Pharm Solutions Co., Ltd | K19: 27 - Testing | BZ19: 27 - Essais | EO19: For lymphohematopoietic cells, the establishment did not perform the required physical exam on the donors. | EP19: L’établissement n’avait pas effectué l’examen physique des donneurs de cellules lymphohématopoïétiques tel qu’exigé. | FT19: Deficiencies were noted related to prohibited activities outlined in the Safety of Human Cells, Tissues and Organs for Transplantation Regulations. | FU19: Des lacunes ont été notées concernant les activités interdites indiquées dans le Règlement sur la sécurité des cellules, tissus et organes humains destinés à la transplantation.
A20: 133919 | F20: Biovex Inc | K20: 28 - Packaging and labelling | BZ20: 28 - Emballage et étiquetage | EO20: For lymphohematopoietic cells, the establishment did not test for infectious diseases within established timelines. | EP20: L’établissement n’avait pas effectué les essais de dépistage des maladies infectieuses sur les donneurs de cellules lymphohématopoïétiques dans les délais prescrits. | FT20: Deficiencies were noted with equipment or supplies used in processing or storage activities. | FU20: Des lacunes ont été notées concernant l’équipement ou le matériel utilisé dans le cadre des activités de traitement ou de conservation.
A21: 135098 | F21: Bloorview Research Institute | K21: 29 - Packaging and labelling | BZ21: 29 - Emballage et étiquetage | EO21: For lymphohematopoietic cells, the establishment did not use appropriate and effective tests for infectious diseases. | EP21: L’établissement n’avait pas effectué les essais appropriés et efficaces sur les donneurs de cellules lymphohématopoïétiques aux fins de dépistage des maladies infectieuses. | FT21: Deficiencies were noted with standard operating procedures or audits. | FU21: Des lacunes ont été notées concernant les procédures d’opération normalisées ou les vérifications.
A22: 135123 | F22: BN Immunotherapeutics Inc | K22: 30 - Packaging and labelling | BZ22: 30 - Emballage et étiquetage | EO22: For lymphohematopoietic cells, the physical exam of the donors was not recent and relevant. | EP22: L’examen physique des donneurs de cellules lymphohématopoïétiques n’était pas récent ni pertinent. | FT22: Deficiencies were noted with the establishment’s application for registration. | FU22: Des lacunes ont été notées concernant la demande d’enregistrement de l’établissement.
A23: 135150 | F23: Boehringer Ingelheim Canada LTD LTEE | K23: 31 - Packaging and labelling | BZ23: 31 - Emballage et étiquetage | EO23: For ocular tissue donors, the establishment did not assess donors for all factors that could or would exclude them from donating. | EP23: L’établissement n’avait pas évalué les donneurs de tissus oculaires pour tous les facteurs qui pouvaient ou auraient pu les exclure du don. | FT23: Deficiencies were noted with the quality assurance system | FU23: Des lacunes ont été notées concernant le système d’assurance de la qualité.
A24: 135363 | F24: Bristol-Myers Squibb Canada | K24: 32 - Packaging and labelling | BZ24: 32 - Emballage et étiquetage | EO24: For organ or islet cell donors, the establishment did not assess donors for all factors that could or would exclude them from donating. | EP24: L’établissement n’avait pas évalué les donneurs d’organe ou d’îlots de Langerhans pour tous les facteurs qui pouvaient ou auraient pu les exclure du don. | FT24: Deficiencies were noted with the required quarantine of cells or tissues. | FU24: Des lacunes ont été notées concernant la mise en quarantaine requise des cellules ou des tissus.
A25: 135444 | F25: Cancer Prevention Pharmaceuticals Inc | K25: 33 - Packaging and labelling | BZ25: 33 - Emballage et étiquetage | EO25: For organ or islet cell donors, the establishment did not collect all required history and information on the donors. | EP25: L’établissement n’avait pas recueilli tous les renseignements et antécédents des donneurs d’organe ou d’îlots de Langerhans.
A26: 135797 | F26: Celgene Inc | K26: 34 - Quarantine | BZ26: 34 - Quarantaine | EO26: For organ or islet cell donors, the establishment did not correctly interpret the results of the infectious disease tests. | EP26: L’établissement n’avait pas correctement interprété les résultats des essais de dépistage des maladies infectieuses sur les donneurs d’organe ou d’îlots de Langerhans.
A27: 137282 | F27: Celldex | K27: 35 - Storage | BZ27: 35 - Conservation | EO27: For organ or islet cell donors, the establishment did not perform all required tests. | EP27: L’établissement n’avait pas effectué tous les essais exigés sur les donneurs d’organe ou d’îlots de Langerhans.
A28: 137369 | F28: Cempra Pharmaceuticals Inc | K28: 36 - Storage | BZ28: 36 - Conservation | EO28: For organ or islet cell donors, the establishment did not test for infectious diseases within established timelines. | EP28: L’établissement n’avait pas effectué les essais de dépistage des maladies infectieuses sur les donneurs d’organe ou d’îlots de Langerhans dans les délais prescrits.
A29: 137655 | F29: Centocor Ortho Biotech Inc | K29: 37 - Storage | BZ29: 37 - Conservation | EO29: For organ or islet cell donors, the establishment did not use appropriate and effective tests for infectious disease testing. | EP29: L’établissement n’avait pas effectué les essais appropriés et efficaces sur les donneurs d’organe ou d’îlots de Langerhans aux fins de dépistage des maladies infectieuses.
A30: 138788 | F30: Centre for Addiction and Mental Health | K30: 38 - Storage | BZ30: 38 - Conservation | EO30: For tissue donors, the establishment did not assess donors for all factors that could or would exclude them from donating. | EP30: L’établissement n’avait pas évalué les donneurs de tissus pour tous les facteurs qui pouvaient ou auraient pu les exclure du don.
A31: 138881 | F31: Cerenis Therapeutics | K31: 39 - Storage | BZ31: 39 - Conservation | EO31: For tissue donors, the establishment did not correctly interpret the results of the infectious disease tests. | EP31: L’établissement n’avait pas correctement interprété les résultats des essais de dépistage des maladies infectieuses sur les donneurs de tissus.
A32: 139265 | F32: Children's Oncology Group | K32: 40 - Exceptional Distribution | BZ32: 40 - Distribution exceptionnelle | EO32: For tissue donors, the establishment did not test for infectious diseases within established timelines. | EP32: L’établissement n’avait pas effectué les essais de dépistage des maladies infectieuses sur les donneurs de tissus dans les délais prescrits.
A33: 139811 | F33: Circassia Ltd | K33: 41 - Exceptional Distribution | BZ33: 41 - Distribution exceptionnelle | EO33: For tissue donors, the establishment did not use appropriate and effective tests for infectious disease testing. | EP33: L’établissement n’avait pas effectué les essais appropriés et efficaces sur les donneurs de tissus aux fins de dépistage des maladies infectieuses.
A34: 139868 | F34: Coherus Biosciences Inc | K34: 42 - Exceptional Distribution | BZ34: 42 - Distribution exceptionnelle | EO34: Islet cells were not labelled with all required information. | EP34: Des îlots de Langerhans n’avaient pas été étiquetés avec tous les renseignements exigés.
A35: 140036 | F35: Cooperative International Neuromuscular Research Group | K35: 43 - Errors and Accidents | BZ35: 43 - Accidents et manquements | EO35: No deficiencies were noted. | EP35: Aucune lacune n’a été notée.
A36: 140048 | F36: Cubist Pharmaceuticals Inc | K36: 44 - Errors and Accidents | BZ36: 44 - Accidents et manquements | EO36: Organs were not labelled with all required information. | EP36: Des organes n’avaient pas été étiquetés avec tous les renseignements exigés.
... A67: 147838 | F67: McMaster University | K67: 76 - Standard Operating Procedures | BZ67: 76 - Procédures d’opération normalisées | EO67: The establishment transplanted cells, tissues or organs that were not determined safe for transplantation. | EP67: L’établissement avait transplanté des cellules, tissus ou organes qui n’avaient pas été jugés sécuritaires aux fins de transplantation.
A68: 147846 | F68: Medimmune LLC | EO68: The establishment transplanted cells, tissues or organs that were not processed by a registered establishment. | EP68: L’établissement avait transplanté des cellules, tissus ou organes qui n’avaient pas été traités par un établissement enregistré.
A69: 147937 | F69: Merck Canada Inc | EO69: The establishment used test kits for transmissible diseases that were not licensed for donor screening. | EP69: L’établissement avait utilisé des trousses d’essais de dépistage des maladies transmissibles non homologuées pour l’évaluation préliminaire de donneurs.
A70: 148011 | F70: Merck Frosst Canada Ltd. | EO70: The establishment used test kits for transmissible diseases that were not licensed. | EP70: L’établissement avait utilisé des trousses d’essais de dépistage des maladies transmissibles non homologuées.
A71: 148074 | F71: National Cancer Institute of Canada (NCIC) Clinical Trials Group Queens University | EO71: The establishment’s application for registration did not contain all required information. | EP71: La demande d’enregistrement ne contenait pas tous les renseignements exigés.
A72: 148103 | F72: Neuraxon Incorporated | EO72: The label or package insert information was not in English or French. | EP72: Les renseignements sur l’étiquette ou l’encart informatif n’étaient ni en français ni en anglais.
A73: 148108 | F73: Novartis Pharmaceuticals Canada Inc | EO73: The labels did not include all of the required information. | EP73: Les étiquettes ne comportaient pas tous les renseignements exigés.
A74: 148315 | F74: Novo Nordisk Canada Inc | EO74: The physical exam of the donors was not recent and relevant. | EP74: L’examen physique des donneurs n’était pas récent ni pertinent.
A75: 148468 | F75: Onyx Therapeutics Inc | EO75: Tissues were not labelled with all required information. | EP75: Des tissus n’avaient pas été étiquetés avec tous les renseignements exigés.
A76: 148695 | F76: Opexa Therapeutics Inc | EO76: The establishment did not appropriately segregate tissues. | EP76: L’établissement n’avait pas mis des tissus à l’écart de façon appropriée.
A77: 148875 | F77: Ophthotech Corporation | EO77: The establishment did not segregate untested or positive cells, tissues or organs. | EP77: L’établissement n’avait pas mis à l’écart des cellules, tissus ou organes qui n’avaient pas encore fait l’objet d’essais ou dont les résultats des essais s’étaient révélés positifs.
A78: 149265 | F78: Otsuka Pharmaceutical Development & Commercialization, Inc | EO78: The establishment did not meet the required conditions to release under exceptional distribution. | EP78: L’établissement n’avait pas respecté les conditions exigées permettant d’effectuer la distribution exceptionnelle.
A79: 149415 | F79: Ottawa Hospital Research Institute | EO79: The establishment did not keep a copy of the notices of exceptional distribution. | EP79: L’établissement n’avait pas versé dans ses dossiers une copie des avis de distribution exceptionnelle.
... A113: 154895 | F113: Xoma US LLC | EO113: The establishment did not forward the summary of final investigation reports to all required establishments. | EP113: L’établissement n’avait pas envoyé une copie des sommaires des rapports finaux d’enquêtes à tous les établissements concernés.
A114: 155148 | EO114: The establishment's record were not always accurate, complete, legible and/or indelible. | EP114: Le contenu des dossiers de l’établissement n’était pas toujours exact, complet, lisible et/ou indélébile.
A115: 155154 | EO115: The establishment’s records were not accurate, complete, legible and/or indelible. | EP115: Le contenu des dossiers de l’établissement n’était pas exact, complet, lisible et/ou indélébile.
A116: 155454 | EO116: The source establishment did not assign a donor identification code to each donor. | EP116: L’établissement central n’avait pas attribué un code d’identification du donneur à chaque donneur.
A117: 155484 | EO117: The establishment did not use the donor identification code in its records system. | EP117: L’établissement n’avait pas utilisé le code d’identification du donneur dans son système de dossiers.
A118: 155485 | EO118: The establishment’s records did not identify the establishment from which it received the cells, tissues or organs. | EP118: Les dossiers de l’établissement ne permettaient pas de déterminer l’établissement duquel provenaient les cellules, les tissus ou les organes.
A119: 156526 | EO119: The establishment’s records did not identify the establishment to whom it distributed the cells, tissues or organs. | EP119: Les dossiers de l’établissement ne permettaient pas de déterminer l’établissement auquel il avait distribué les cellules, les tissus ou les organes.
A120: 156605 | EO120: The establishment’s records did not include all shipping documents. | EP120: Les dossiers de l’établissement ne comprenaient pas tous les documents d’expédition.
A121: 156821 | EO121: The source establishment did not keep all required records for the cells, tissues and organs it processed. | EP121: L’établissement central n’avait pas tenu tous les dossiers nécessaires à l’égard des cellules, tissus et organes qu’il traitait.
A122: 156909 | EO122: The transplant establishment did not keep all required records for the cells, tissues and organs it transplanted. | EP122: L’établissement où se fait la transplantation n’avait pas tenu tous les dossiers nécessaires à l’égard des cellules, tissus et organes qu’il avait transplanté.
A123: 157140 | EO123: The establishment did not provide the source and/or transplant establishments with all required information to complete their records. | EP123: L’établissement n’avait pas fourni aux établissements centraux et/ou aux établissements où se faisait la transplantation tous les renseignements requis permettant de compléter leurs dossiers.
A124: 157221 | EO124: The establishment did not keep records for the required amount of time. | EP124: L’établissement n’avait pas respecté la période exigée de conservation des dossiers.
A125: 157292 | EO125: The establishment stored records in locations which did not have appropriate environmental conditions. | EP125: L’établissement avait entreposé ses dossiers dans des lieux où les conditions ambiantes et matérielles étaient appropriées.
... A157: 165111 | EO157: The audit was conducted by a person who had direct responsibility for the activities being audited. | EP157: La vérification avait été effectuée par une personne directement responsable des activités visées.
A158: 165432
A159: 165777
A160: 165983
A161: 166051
A162: 166460
A163: 167128
A164: 167600
A165: 167664
A166: 167953
A167: 168120
A168: 168166
A169: 168172
... A187: 181444

Sheet Sheet1
A1: 17 – Processing (General) | B1: ENGLISH | C1: FRENCH
A2: 18(a) – Processing (Donor Suitability) | B2: 13(1) CTO Regulations – Registration | C2: 13(1) Règlement sur les CTO – Enregistrement
A3: 18(b) – Processing (Donor Suitability) | B3: 13(2) CTO Regulations – Registration | C3: 13(2) Règlement sur les CTO – Enregistrement
A4: 18(c) – Processing (Donor Suitability) | B4: 14 CTO Regulations – Registration | C4: 14 Règlement sur les CTO – Enregistrement
A5: 18(d) – Processing (Donor Suitability) | B5: 15 CTO Regulations – Source Establishment | C5: 15 Règlement sur les CTO – Établissement central
A6: 19 – Processing (Donor Suitability) | B6: 16 CTO Regulations – Processing (General) | C6: 16 Règlement sur les CTO – Traitement (dispositions générales)
A7: 20(a) – Processing (Donor Suitability) | B7: 17 CTO Regulations – Processing (General) | C7: 17 Règlement sur les CTO – Traitement (dispositions générales)
A8: 20(b) – Processing (Donor Suitability) | B8: 18(a) CTO Regulations – Processing (Donor Suitability) | C8: 18a) Règlement sur les CTO – Traitement (admissibilité du donneur)
A9: 21 – Processing (Donor Suitability) | B9: 18(b) CTO Regulations – Processing (Donor Suitability) | C9: 18b) Règlement sur les CTO – Traitement (admissibilité du donneur)
A10: 22(1)(a) – Processing (Donor Suitability) | B10: 18(c) CTO Regulations – Processing (Donor Suitability) | C10: 18c) Règlement sur les CTO – Traitement (admissibilité du donneur)
A11: 22(1)(b) – Processing (Donor Suitability) | B11: 18(d) CTO Regulations – Processing (Donor Suitability) | C11: 18d) Règlement sur les CTO – Traitement (admissibilité du donneur)
A12: 22(1)(c) – Processing (Donor Suitability) | B12: 19 CTO Regulations – Processing (Donor Suitability) | C12: 19 Règlement sur les CTO – Traitement (admissibilité du donneur)
... A100: 76 – Quality Assurance System | B100: 65 CTO Regulations – Facilities | C100: 65 Règlement sur les CTO – Installations
B101: 66 CTO Regulations – Equipment and Supplies | C101: 66 Règlement sur les CTO – Équipement, matériel et produits
B102: 67 CTO Regulations – Equipment and Supplies | C102: 67 Règlement sur les CTO – Équipement, matériel et produits
B103: 68 CTO Regulations – Equipment and Supplies | C103: 68 Règlement sur les CTO – Équipement, matériel et produits
B104: 69 CTO Regulations – Equipment and Supplies | C104: 69 Règlement sur les CTO – Équipement, matériel et produits
B105: 71 CTO Regulations – Quality Assurance System | C105: 71 Règlement sur les CTO – Système d’assurance de la qualité
B106: 72 CTO Regulations – Quality Assurance System | C106: 72 Règlement sur les CTO – Système d’assurance de la qualité
B107: 73 CTO Regulations – Quality Assurance System | C107: 73 Règlement sur les CTO – Système d’assurance de la qualité
B108: 74 CTO Regulations – Quality Assurance System | C108: 74 Règlement sur les CTO – Système d’assurance de la qualité
B109: 75 CTO Regulations – Quality Assurance System | C109: 75 Règlement sur les CTO – Système d’assurance de la qualité
B110: 76 CTO Regulations – Quality Assurance System | C110: 76 Règlement sur les CTO – Système d’assurance de la qualité
B111: Cells were not labelled with all required information. | C111: Des cellules n’avaient pas été étiquetées avec tous les renseignements exigés.
B112: For imported lymphohematopoietic cells, the establishment did not have all the documentation of the donor suitability assessment. | C112: Dans le cas de cellules lymphohématopoïétiques importées, l’établissement ne disposait pas de toute la documentation concernant l’évaluation de l’admissibilité de donneurs.
... B263: Tissues were not labelled with all required information. | C263: Des tissus n’avaient pas été étiquetés avec tous les renseignements exigés.
C265: L’établissement n’avait pas envoyé aussitôt que possible les avis écrits d’accidents ou de manquements.
C266: complété les avis sur des effets indésirables de façon adéquate.

Sheet Sheet2

Sheet Sheet3
A1: 4 – Prohibition | B1: 4 – Interdiction
A2: 15 – Source Establishment | B2: 15 – Établissement central
A3: 16–34 – Processing | B3: 16 à 34 – Traitement
A4: 35–39 – Storage | B4: 35 à 39 – Conservation
A5: 40–42 – Exceptional Distribution | B5: 40 à 42 – Distribution exceptionnelle
A6: 43-54 – Error, Accident and Adverse Reaction Investigation and Reporting | B6: 43 à 54 – Enquêtes et rapports concernant les accidents, manquements et effets indésirables
A7: 5-14 – Registration | B7: 5-14 – Demande d’enregistrement
A8: 64-69 – Personnel, Facilities, Equipment and Supplies | B8: 64 à 69 – Personnel, installations, équipements et produits
A9: 70-76 – Quality Assurance System | B9: 70 à 76 – Système d’assurance de la qualité
A10: CTO Regulations 55–63 – Records | B10: 55 à 63 – Dossiers
A11: Deficiencies were noted in donor suitability assessment. | B11: Des lacunes ont été notées concernant l’évaluation de l’admissibilité du donneur.
A12: Deficiencies were noted in personnel qualifications or training. | B12: Des lacunes ont été notées concernant les qualifications ou la formation du personnel.
... A32: Deficiencies were noted with the required quarantine of cells or tissues. | B32: Des lacunes ont été notées concernant la mise en quarantaine requise des cellules ou des tissus.

Sheet Sheet4
A1: ENGLISH | B1: FRENCH
A2: 13 – Registration | B2: 13 – Enregistrement
A3: 14 – Registration | B3: 14 – Enregistrement
A4: 15 – Source Establishment | B4: 15 – Établissement central
A5: 16 – Processing – General | B5: 16 –Traitement - Dispositions générales
A6: 17 – Processing – General | B6: 17 – Traitement - Dispositions générales
A7: 18 –Donor Suitability Assessment | B7: 18 –Évaluation de l’admissibilité du donneur
A8: 19 –Donor Suitability Assessment | B8: 19 –Évaluation de l’admissibilité du donneur
A9: 20 –Donor Suitability Assessment | B9: 20 –Évaluation de l’admissibilité du donneur
A10: 21 –Donor Suitability Assessment | B10: 21 –Évaluation de l’admissibilité du donneur
A11: 22 –Donor Suitability Assessment | B11: 22 –Évaluation de l’admissibilité du donneur
A12: 23 –Donor Suitability Assessment | B12: 23 –Évaluation de l’admissibilité du donneur
... A181: The audit was conducted by a person who had direct responsibility for the activities being audited. | B181: La vérification avait été effectuée par une personne directement responsable des activités visées.
